shipment_ID,Departure_Date,Departure_Port,Arrival_Date,Arrival_Port,Vehicle_ID,Ship_Duration,Order_id
1,2018-02-24,13,2019-10-27,14,KI0YNX03F,29,e98bd3e7-7da8-4115-bfd3-a10583b9a686
2,2018-08-04,9,2020-08-30,11,858VGB2PF,11,6a2da173-f415-4d6b-b5da-621b8c1341fd
3,2016-12-30,13,2018-02-21,7,SO7Q5OS3E,17,eb5fc800-63fb-4f0c-8a53-039c7bba9897
4,2022-01-31,1,2017-05-01,10,PTV3YTGHG,12,59ff89ad-b235-46ce-887f-35df9541d229
5,2018-10-10,10,2019-02-18,8,PDNCITTWU,18,b7a56dd4-0f0b-487c-99ab-48bb4c5375e0
6,2020-07-08,11,2020-09-16,10,JW0SJG24J,28,b45b290f-fecd-4dfe-ba37-6114f13c8933
7,2020-12-08,6,2019-10-20,15,50M66A1NL,11,f985b571-3b6d-4bf7-85f6-9efbd9d5092c
8,2019-01-27,6,2017-04-13,8,Y44FYE3F9,22,16860256-db94-470f-9512-03a7bcdb5c27
9,2017-06-13,2,2017-01-10,10,8UUIEOFFD,11,5781509e-a991-4bb6-9373-27a4b4e57da3
10,2019-04-20,10,2019-02-11,9,58F8IGYGO,27,bb191a87-cdab-4de1-b5b3-de6c3a82d9f4
11,2017-03-15,11,2022-03-29,3,P8AOBHORQ,6,6a8c5323-39f4-41ca-8936-9f501a90b754
12,2020-06-13,10,2021-06-21,7,P6NV24B1G,14,87db0eb8-de80-4b36-bc43-093bdaa6e175
13,2019-06-04,12,2019-06-20,10,1DYB9ZEGE,6,5f2a4d44-5337-4cc5-9050-791092492ccd
14,2017-12-04,11,2017-11-13,6,TURB4JX5L,12,b4b250b2-ed97-4f0c-a13d-7f14e7324e92
15,2020-09-27,13,2021-01-18,9,92LMSAK16,1,b94b6645-01ab-48d2-8718-531869db3f84
16,2022-07-23,15,2021-05-07,1,W8CBBEO3A,29,1907b155-5a94-4c1d-a68d-ebc8592ffa50
17,2020-08-05,8,2021-10-15,6,8KFJ4H3OK,17,63c139eb-5d50-440c-9873-a84e1a092b8a
18,2022-03-18,11,2019-02-25,3,X5DZYKLKQ,9,6cedb33a-b111-4355-b2a4-4b38605af1c6
19,2020-12-05,9,2021-08-28,6,49FGOS0ZD,19,f362a93e-a550-4897-8c77-2df95d471508
20,2019-02-26,11,2016-11-27,3,C8FT3UQ67,29,58e136cd-75e7-42d3-b5f4-bb0f217a828a
21,2019-07-30,11,2020-05-22,4,4GWQ7HHKC,7,5a79d27d-9b13-45fb-a1ae-75a63aeb2cf4
22,2020-07-05,3,2020-06-05,13,S6E55JVES,10,f6c35fd6-ab74-4d26-b491-3f57d418825f
23,2021-11-11,10,2019-09-10,10,J1LSERYQI,23,584335c2-e2c3-46ab-909b-459285c48b80
24,2022-07-31,8,2020-11-30,1,LZV58TVR9,20,aa0703c6-a8e6-4b3a-a3b1-8be97e67be69
25,2020-12-07,14,2021-12-28,1,VGN3TGOZW,3,ae817fa4-b880-43b1-a55f-f9945bac85e0
26,2017-10-28,5,2021-10-18,5,3BQE166BG,28,e926629f-b3a8-4cad-a2e4-960c8150da92
27,2021-09-10,12,2017-09-17,14,FBQ4KKJEB,12,ac05237f-3c84-4abc-9e3f-1f5ff5f92504
28,2019-04-01,15,2021-02-28,14,Z5KD8K7FF,27,5e6665f8-6966-4905-992f-397f60dffd5d
29,2016-12-09,2,2020-09-09,12,Y9827FPW9,6,dc57df06-69cf-419d-b4e5-25580c493c9b
30,2020-05-22,4,2019-09-28,2,Y7Q0N8UT2,1,33056759-8be0-43d2-b048-f8d3221d09bf
31,2019-05-11,15,2021-11-04,13,6GVHUN1RH,23,1eefdc2c-4bad-4175-8bb1-3a37fee50b88
32,2017-02-21,1,2021-01-20,13,D9AFV5R91,10,416b02e9-bb10-4419-badd-f2da21dffcdc
33,2021-08-06,12,2020-06-04,14,W92OKY2WP,26,6d7637d5-6d0b-44b8-9c03-8cc547f8d6a8
34,2022-03-05,5,2022-03-31,10,UH9MND0MU,30,57a08330-6a06-4072-926c-bae6c3306876
35,2020-06-10,14,2019-05-25,3,ON199HTP9,25,f0ea72d9-a18d-4eda-a260-f57da7c41b24
36,2017-05-16,8,2019-05-10,2,OVZHE5YEF,21,acb6a705-73b0-4859-98dc-57641b5a0a9f
37,2017-01-10,1,2022-04-06,6,SM52DS1Q3,14,fa04657b-6f5c-4b4f-9aef-2d0017379f48
38,2022-05-11,3,2021-08-11,11,ZT97JLW56,12,ea9819e2-92ee-4f0d-80e5-2a71fee185cb
39,2022-04-10,2,2016-11-24,14,3NK8KYGC4,8,d6f99de3-67c2-4405-865c-76fc0c97957a
40,2018-06-11,1,2020-07-14,9,VK5JT6BEK,13,6225609e-c784-462b-ab91-446c6eeada36
41,2017-09-12,3,2021-12-01,1,VVL1SAQ34,8,c1c9690d-3fbc-44e2-9277-b9c47c4983f1
42,2021-08-16,5,2016-09-22,12,VB0BG6XWF,21,c06a4f2d-00ef-47b8-aab8-0a48197ce53f
43,2021-07-31,6,2020-06-25,10,AZTXY1FPS,14,239028f7-b4ac-42df-85ba-892c968be32b
44,2016-12-26,11,2016-08-08,13,S8DDPFS2X,7,07daf246-9cc6-46e5-ab52-cafc08862132
45,2021-03-16,3,2016-08-20,2,B73RUHBVU,29,e6767f40-ff6c-48c8-b9a3-f2ab677998d2
46,2022-02-19,13,2020-01-09,13,76HNT542F,5,8a7f41c7-1062-40e3-b8b2-37a341647dca
47,2021-03-29,13,2019-08-20,1,PBRZFYO0D,13,f71a7239-03ec-4796-94a2-3e5f850b6f10
48,2019-11-06,11,2018-10-08,6,DQ11MBF34,8,ea32292a-ee00-48fb-83db-3361af0618aa
49,2017-08-13,5,2022-07-23,12,1S6CICXN7,23,535032d2-ea4a-4b63-a221-08beac98352e
50,2021-02-23,7,2020-12-09,13,Z6IYJEYG2,13,35ef2d38-6b23-45cc-9e31-24ebb5aef9c5
51,2017-12-25,8,2016-10-16,12,K74L39KLG,13,6990477f-3a77-4d0b-8672-a510ca7e8caf
52,2017-12-11,3,2018-08-20,14,SHDDWAMM4,28,15253c8e-884a-4ddf-82d2-4b7969075129
53,2021-11-28,13,2021-02-21,9,2WFQCSF3F,22,82cf62fb-6fc8-4185-b193-f44cfc350369
54,2017-04-26,9,2016-09-16,12,WKW9C9VSF,22,6dbe7d23-c609-48b3-bf42-9f47d2e194a8
55,2021-11-29,7,2019-01-26,8,WMZEWBWEG,25,013e99c2-b680-4cc9-97eb-6c05d4452b73
56,2022-01-05,5,2021-07-10,8,X1T8N8UO0,15,f03bf2c9-462f-4715-8adb-28609934432b
57,2018-03-08,14,2019-04-11,13,AV9YXII2D,24,efa88e65-a734-46f9-bb4e-0e1614b3ec96
58,2021-11-19,12,2018-03-27,14,MAWH0PBZF,28,46e30d66-afbe-412a-83a1-43db511c2f99
59,2019-06-08,1,2019-08-27,2,K925NSGK7,3,49023fbf-202c-4ec0-a895-7ee3216506ee
60,2018-10-09,6,2021-12-08,8,NCSTWGOB2,9,fb0dc647-9955-4ed9-a3d0-947b35fe4886
61,2021-08-06,15,2017-03-22,7,09YZ4WX8A,12,b3a0c14f-59a7-4b47-9c86-03f343913c83
62,2017-12-05,11,2018-04-05,12,VM7NKS0FB,19,d592f7d5-841d-4b02-a14f-aef624bae6df
63,2018-08-17,8,2016-11-09,6,SM5B3E7RX,7,7d3391f0-51fb-434b-806a-8ad4c4a17929
64,2020-04-21,2,2020-02-17,8,COCL23LGE,27,0e4a789f-bb93-4d3c-8032-89e26efb18ed
65,2019-06-12,14,2017-05-12,5,AZ2XDOIUG,24,c2242fc4-1b65-4f3c-8dcc-5c8eb748480f
66,2020-02-09,5,2017-02-23,7,EQ8B6RHC2,16,8354e73f-dcd2-4821-87c6-e4b3ef292305
67,2016-10-27,5,2019-07-01,11,Z51S5B1GO,21,3049df46-136a-4da1-91fa-6583bf9c66a3
68,2020-10-30,11,2017-10-26,10,BO7IALNW6,6,e7ad1015-8e61-49cf-b0ed-d623c91a1a2c
69,2017-04-22,3,2019-02-16,15,E4U7FJ5UD,29,7f7b2ca6-12eb-4c36-bf27-ff1e09b27ca5
70,2016-11-22,7,2022-05-16,13,5S8TVD7GR,28,64a43814-9380-4dc3-97d9-9bb8601ac322
71,2017-10-10,2,2021-04-02,4,JXP429C6N,9,b403647a-f468-4109-bc39-9a38e494ed3e
72,2021-07-03,7,2017-03-11,2,MR5OR8EQW,29,8861a803-b8af-41df-9809-bcd34ee4b1c2
73,2021-07-15,11,2021-10-21,15,MPU9WRFKE,21,2cc96c70-3d07-46dd-b66a-ab361f508d94
74,2019-01-20,15,2021-08-26,13,B7XI6J8WE,22,574fc8f6-0d9c-404c-a2e2-0149375404af
75,2021-02-11,9,2021-02-23,9,73H8KFDNE,9,5589e868-eaac-4c19-a635-0034da73430a
76,2017-08-15,7,2021-08-09,10,FJLG2L5LE,13,f687acf5-92f7-4fd9-b8b5-40cbc52bf8fe
77,2020-03-02,12,2020-04-12,8,TR5MA0VJR,9,4cb55606-aaeb-4140-abce-ef0d062ee9e2
78,2018-01-08,11,2017-07-30,3,D3EU2ZZCG,22,d443175b-4cab-4cbf-95fe-9701381cee56
79,2020-04-20,8,2019-06-13,7,1WB6FZHAG,5,202cebc8-8832-4e98-a73c-3097e7f1f5d8
80,2019-09-20,14,2018-03-26,12,GYVR4P36N,5,75aebbdb-30bb-4ee7-9174-b66d572e9754
81,2019-04-03,12,2019-12-23,3,MNO8CN0V4,12,0bbfe302-c339-41df-9ab9-17c878101498
82,2018-10-09,13,2022-06-29,3,J077BT167,23,a6a736dd-b5c8-4a2f-81ca-2203c0270ebf
83,2018-08-03,7,2016-11-21,11,DRC10SU1U,4,8670c628-71ac-4a20-9a77-12eec29011cf
84,2020-11-19,11,2017-02-15,6,OKC3P9H7I,16,a50476ca-50f3-457a-b499-cbf8c575cdb5
85,2017-09-02,8,2018-12-11,2,IMWQ9V4QP,27,3dfe97a9-15b8-4c35-ad81-fafa91bd9f12
86,2021-04-09,4,2019-09-25,4,I31V7FJMG,12,7ee330d4-73f8-44a0-b5e6-fe8f71f6813a
87,2021-06-16,2,2018-05-28,13,4A2C868IX,19,7b00db8a-23d5-44f0-b50d-15f57b0760c1
88,2020-05-28,6,2021-07-14,4,M4Q7VJ9RQ,22,b50f2215-4ff6-4208-b96f-a37cfa1dbcd7
89,2019-11-07,6,2019-08-06,6,0KZ3ZV7Y0,5,0ebfa299-83ec-45f7-8910-6b5a7c2c7b8b
90,2019-06-27,7,2022-05-06,12,AB85OJ7X0,11,9bd54084-aa57-4a19-a034-f12127b52cd8
91,2018-06-12,9,2021-06-20,6,3GRJA25QT,30,4423ae01-bfd1-4107-a162-b83c2df9a35d
92,2016-08-07,9,2021-08-19,10,YUAUMKNPL,5,17951805-94af-4e7a-95a2-2c0d986f851b
93,2022-07-03,13,2021-10-03,10,F8NNI0R70,17,15cab8eb-811f-4bd8-9675-ec3ae224f84b
94,2016-10-06,4,2018-06-11,15,KNEDPTI0P,11,718d1189-d8bc-4a88-ad8c-a846a13fd670
95,2019-01-29,13,2018-10-15,13,C68X5H489,14,d8f11909-2194-42ab-995f-696c9f677b37
96,2018-03-29,4,2020-11-30,13,2P4NYYSB0,15,cbaf2138-7da8-4606-b468-d87a3e5f7a7f
97,2021-08-12,14,2021-11-07,10,CH65GH9PY,27,b4a6b260-704e-416e-a4c7-eef963866d84
98,2020-12-29,9,2019-02-05,2,DK9L5LHSV,24,a0447c58-1886-4b5e-bd87-48f7a6a3f78e
99,2019-04-24,8,2020-03-03,15,P1J6586U5,5,c569e5b5-a43e-4f94-be1e-d31376805f6d
100,2017-05-27,11,2022-03-20,15,Y8O1YOPTU,1,ef0166bf-a291-4690-bcb9-6bcdb0a53809
101,2020-08-14,4,2020-07-24,13,9FQI46ANB,16,f1517b0a-3fa2-4e68-8f40-140a8be5bae5
102,2018-10-20,15,2021-12-21,13,WU43UJX2V,27,7e8a37b7-6c50-4eff-aa7a-5eea8464bcab
103,2021-07-04,11,2021-07-12,12,BCZKL5BIA,6,606798b1-2802-4599-94c2-9e115022e035
104,2017-01-28,2,2016-11-26,2,RGL2KTWVC,20,ed93feea-0480-422d-bda9-b6a1e1484481
105,2019-02-28,1,2021-11-06,11,LM2CGHCUS,16,55d04cb2-8342-4c17-95ff-a724a8f6c317
106,2017-01-23,5,2018-10-02,2,JDLRYU6MQ,18,84ec5a47-10eb-46c9-b4ef-423ee6819019
107,2017-05-22,2,2020-04-07,6,2WPPTTT13,21,aa41d02a-f4df-4189-9f68-2e214b118677
108,2018-10-23,2,2019-10-01,14,NLNQVYH6G,28,a381753d-5949-4ebd-9826-b26f42c5796a
109,2019-08-29,7,2019-12-04,15,272G6Y5WV,11,4c032f2e-f9e5-4f89-8f2a-f6f21a296106
110,2018-12-29,12,2020-11-20,2,D1VK5PJOX,21,095a9e8e-6a31-48bd-a1c9-daae04e26773
111,2021-02-03,11,2017-05-26,4,G2M0H6L4A,29,6edd9cd7-4ff6-4ed5-8ef0-01a8abb98168
112,2020-10-08,9,2018-05-13,11,HBRZFLU7X,29,b6806f6e-a77a-4835-a4f6-1f8428a40c79
113,2019-01-10,13,2017-02-01,3,BWQMX81VK,20,60167b81-44d8-473e-8a59-e7193b276ee1
114,2019-06-08,9,2017-04-24,15,3LGUEICUU,24,3306a25d-b7c7-4251-a06c-968b535f2e82
115,2021-11-02,13,2018-10-24,10,7XECLE6T8,17,55708c6b-221a-4137-bb6c-81799d22ea8a
116,2022-01-08,15,2018-05-20,9,75GS3MOP3,28,9db56475-a8ad-4328-b77b-2e81254663b5
117,2019-11-18,2,2020-09-23,14,Z921WNM3C,9,e7f01fb8-c128-4b79-8de7-210e1122d986
118,2017-02-06,10,2021-08-20,8,K6CLR85R9,25,dfd6eed6-a56f-4be7-8496-892240916ccb
119,2021-02-21,14,2019-11-20,5,O6W9F2KQN,13,5d84140c-2f7d-40d7-84db-59f283ae8f84
120,2021-05-02,8,2017-11-04,12,0HVHQH8MQ,30,19257bef-bd23-45a6-bfeb-df4758e66632
121,2020-11-14,10,2019-08-16,1,1SCOIWKPW,29,85c03ce7-88d1-4831-8e04-6242157a99ef
122,2020-06-03,13,2020-06-04,10,J0QXTMAI6,14,7088e5fb-96cc-49a3-b6c4-499aad765bd9
123,2020-11-06,7,2017-10-25,14,UXFGE9GTG,23,39f14018-8660-48e6-8cf1-575855347d36
124,2016-08-31,1,2020-05-25,5,IAR0FXPKN,25,aab002af-aa3f-4a57-92cd-75d6768f6c13
125,2020-03-11,4,2017-09-08,7,BLARZTCU4,6,f66e59e9-c4bf-458f-a1b7-ee38d89e6db9
126,2017-07-01,3,2021-06-13,11,9KUCRBLHA,17,ce686c49-1e90-475e-a481-7ca04b7c14e6
127,2020-11-10,6,2017-03-31,2,U4QWSH88P,21,207b23d2-b2d8-404c-8722-12cf6d6c2c21
128,2022-06-08,7,2018-03-19,4,FWE6VDDLU,29,7aeae62a-957a-4cdc-ad11-9189b09c1d0a
129,2017-12-10,7,2017-12-04,8,4IGGM27LK,16,7bf293c1-4de3-4837-99a5-3ea1bb61256b
130,2016-11-01,15,2018-03-29,2,JWMC3BR97,2,5357d489-74ed-4822-b995-26dd0013818f
131,2018-11-19,12,2020-11-26,1,CVFIUM498,27,8f71e1ec-fbce-471b-ba32-d3e8b214e5c9
132,2021-11-22,5,2019-04-23,8,PFH3GQ3R3,3,1bdac088-63df-44ba-a1f4-26e834775b38
133,2020-04-25,5,2019-07-19,7,D6Y5M5MG2,13,5bf8babb-fb34-4784-b3c4-7162e5d8a71a
134,2021-10-26,10,2020-08-17,6,RSAQJD7Z0,8,bfc9a57b-bee4-4d8f-a494-73ec52f2b509
135,2021-08-24,12,2018-12-28,5,MPJ7D8Q9W,2,050a690a-d395-48ff-ac3a-3b8204fdf32c
136,2020-05-31,14,2016-08-12,1,J72U7F5HJ,11,5d44b200-a8d3-4568-be14-882192031367
137,2019-08-04,15,2021-02-28,9,2YC54H2IS,19,280e0b66-e235-4eb5-b275-fcd64466e52c
138,2018-08-31,6,2019-07-15,2,HQY8FPAZF,27,d06f3dc1-5b58-412f-9515-ad89ff173d74
139,2020-04-09,13,2019-08-21,5,078XGL37N,8,f7682eb5-6873-4dfb-8d20-bb77f508668d
140,2021-08-11,12,2017-10-11,15,JWRJB8CQU,9,7cb6e63e-ecfe-4885-bde7-69f87cfe24a3
141,2018-01-10,3,2021-04-28,3,JNYUSY8OF,13,9bd4d1ce-1c38-4eaf-8f83-8ea6a8ecf7a1
142,2020-04-17,1,2016-11-02,7,0RKV79XQ9,24,580575f2-6a82-46f2-975a-4177dae47c24
143,2018-10-25,1,2022-07-08,13,IS5LNNF4N,15,69e6be50-d0cd-4b01-bde7-78e289a9976b
144,2017-08-20,2,2019-05-25,13,PHDHMGPIP,18,b25c1392-b52d-4cfc-9147-9293e26bfa4d
145,2019-08-29,11,2021-10-04,4,6VYESOZW1,17,fc3621d9-0270-4a79-8a4e-529ff5e44088
146,2020-12-12,7,2018-08-02,10,KBPZAAQHR,21,b43439d1-318a-4355-95cd-58f8ca5ada39
147,2019-04-02,14,2020-08-29,9,7XVRRUNBC,11,c8a4557d-f3ee-4574-8375-627c1810d11e
148,2020-12-15,1,2021-08-13,6,M8QGR2BID,1,ca31f500-d304-47b0-ad95-0495ba62381c
149,2022-03-13,4,2017-01-07,1,M6XU7NU0S,19,19eb3b3e-261d-46ad-99b1-1d18f20bfbe4
150,2019-06-16,13,2018-05-09,15,L259THZJO,25,71cf8e5a-2131-4416-8307-c915fe9a8669
151,2017-08-28,3,2016-09-28,14,JGY359FEV,14,c4be3468-ab2a-43e7-9fb0-d77735044f80
152,2017-12-06,1,2022-07-03,7,GSMM0WZBZ,21,5753712e-f885-464d-85f5-34d95d9c9f11
153,2022-06-15,7,2019-12-14,15,LWD4XE4ZQ,14,14ce5950-8575-4877-affa-ee80815e6af4
154,2018-01-19,8,2017-06-14,6,496XYO3CE,28,9ad8c6fc-5a44-42ef-bc4c-20d06d2aa28b
155,2017-08-17,7,2016-08-13,3,OTUM3FTLO,17,c53a055e-66c8-40e3-832b-6e7ac409996a
156,2021-05-26,15,2016-11-26,2,SD2O8PR6H,3,02c9abeb-e74a-4f11-9db7-630b7826586f
157,2020-02-19,13,2020-10-26,12,K8E0YSKNT,11,2079567a-943b-46f9-8fba-50247a0757e5
158,2018-10-09,3,2018-07-18,3,T7C8N1090,6,9c13b3ac-a96b-4a5a-8aec-29cb2a71dc48
159,2018-02-07,6,2022-04-13,13,MGG5010AK,23,5b6a8561-1c10-46a5-8551-ff2ee37f789a
160,2022-07-11,14,2018-04-30,15,4IJKFLMNN,24,8b4f8c57-8eb7-4975-b6ce-05f6f68d4eb4
161,2017-01-18,7,2020-12-14,4,3CUH89QLO,27,c9447675-f74a-45e3-840b-695ee4834e07
162,2018-11-16,11,2018-09-14,10,IF6T115YU,27,eb5090ff-96b9-4f23-81e6-44e559d0fef5
163,2017-08-04,2,2018-02-12,3,DP50WOPL5,18,5a94b3d6-e0be-453f-a62c-1dd64cd3c023
164,2017-06-14,5,2017-04-03,9,5MQPQXFM3,9,54da3436-889d-44b8-a5f5-7be533958fd8
165,2018-01-10,7,2021-06-24,14,Z2VKEUC7C,19,d92aad81-f022-438c-a1d2-1e2afb1f2dd7
166,2019-04-17,2,2016-12-05,7,X9JGBJ64D,13,34693eb9-637c-49f3-8975-d93c935ab460
167,2018-03-17,1,2019-04-24,12,0YXC1YLDF,25,9febe438-a713-4866-8aa4-ca7e82463ae2
168,2019-03-21,13,2019-08-12,7,IVJWFLR6N,19,50dae8e5-6ea1-40e7-bf4e-8ad25e672cdc
169,2018-03-25,8,2017-07-26,8,87NDRWJOA,19,8320889f-6bb9-406f-a354-033ba1030185
170,2022-07-17,15,2021-11-22,10,OLTLHCU78,16,2ef1eec1-2540-4ed2-889f-6bfa3d77d1b5
171,2019-10-31,13,2017-10-24,8,TILG7WP2P,24,8f8b3b3a-1078-45ca-abcc-c5c7afe029d0
172,2021-06-14,4,2021-08-11,8,DSBCXU3J5,19,6103c2b9-9331-41f9-bfb7-5c5e4619c8f1
173,2022-02-14,5,2018-10-26,8,SO4O3SPOY,18,99169fbf-7d52-4a91-a259-561573ab0121
174,2017-09-15,13,2018-02-06,11,L389OAIEL,22,cad597c8-5aba-4ae5-9233-b03863aa3292
175,2020-04-17,8,2019-10-04,3,4HIPK5TW4,19,348db791-9c70-4410-ad20-3980b2ffd4be
176,2022-04-28,13,2018-06-25,7,UWCXG3FXI,28,7c69dda4-6c80-496b-9cb4-2a707da35c8a
177,2019-03-20,13,2020-09-20,1,C5IF79YS2,6,61d3219a-a53c-4fa6-9b42-2da6ffa3cd28
178,2018-11-27,13,2021-05-29,15,6VOA15T4Q,18,124d5a25-bb41-43ec-8b00-88c4dd406fb0
179,2021-12-04,9,2021-03-15,10,9XZR4Z4VM,30,b000d267-749e-4898-8e9e-fa3c17aabd08
180,2020-01-08,1,2017-07-16,2,Q4AP7A89Y,30,6d93abf1-8932-4911-bab1-11392732e3a4
181,2021-09-01,12,2021-10-30,2,ROKYN02VM,19,c8b1c039-3ee2-45fd-9c63-6c2cb4de9eca
182,2021-12-01,14,2018-02-08,7,T9HI06KMS,16,7d62f39f-e118-43e3-adf9-6d5da93892f9
183,2019-01-31,15,2022-05-03,7,QAG2LDMAS,24,03170864-77ac-4f9d-a0ec-1445488dedc1
184,2021-04-15,4,2017-03-13,2,M7818CTMF,9,7eb8c6c9-0eed-4aff-8160-3bd90218dfb6
185,2019-04-30,5,2019-09-16,10,8E8L6NVY4,28,e2f9dcdb-3e7a-4b18-ac28-d30bb25e293d
186,2018-07-30,2,2021-05-01,5,WI70DHUSB,20,4e65cdc4-ccd5-4352-a09b-c68b25b0de10
187,2017-09-04,13,2020-07-30,10,1B8PVRA67,7,f6115024-c999-4fca-bea3-fe207f10fbf2
188,2020-06-27,5,2017-06-20,3,VI05IMOFI,10,0c26ab67-5c89-46a3-8d57-64838aabf213
189,2018-08-15,14,2020-05-14,9,Q8HAJ0ML4,28,7df0d2ea-d2ee-445f-82ac-130d7e8d8cc6
190,2018-02-03,12,2020-10-01,3,76N65C7YC,9,8394331a-c493-4f20-88a4-10357bf63ef1
191,2022-02-12,7,2018-12-18,1,3DW111SI8,25,21ae581c-e884-4bf8-a6f8-aaa5c9a19ee9
192,2019-11-07,11,2018-07-09,6,54HK4VJ68,20,6d3a3e28-a87c-4cdc-b77e-74bc03640f83
193,2020-08-13,10,2022-06-30,8,797C3QW1K,2,f08d8ff2-f537-4e34-bc78-ed889e80d7f8
194,2017-09-23,4,2018-04-03,10,G7LUKM3HO,14,e3181dfc-7085-418f-ab9d-f4cc042431e5
195,2020-05-25,3,2020-07-10,7,7U5H24PYJ,9,9ee8b531-c710-4213-b503-ac6cdce60677
196,2017-04-21,3,2020-08-23,5,2OTAZINS2,4,6f0bf24a-a03a-4837-bf52-828be5a32145
197,2019-06-26,13,2016-08-31,12,FS4ZFJO7Y,9,f96cc9d1-7380-48b7-9b26-6d50cdd5415c
198,2018-10-31,9,2019-06-11,15,RL2V0BO7I,29,4729a326-6d23-4482-87b3-fc602db79f57
199,2017-08-13,1,2019-04-06,13,LBIDRBCOX,7,55345e7c-5e72-46c6-8866-efed3729d757
200,2017-03-03,9,2020-02-03,9,5BIQUEN87,15,43b6facb-fab1-41c9-8305-4c155d63e91a
201,2017-02-09,4,2018-07-26,1,6ZBMIB5WR,25,f651332d-c607-4889-a666-a121c97ceb7e
202,2016-09-03,11,2019-12-26,3,58MWFYYK4,11,0d79ccf2-ed5d-40ee-9a1d-007fd9bf6641
203,2020-03-10,6,2016-09-05,10,RXPBW6Q2U,29,8ab7c0a1-b845-4005-b736-1d3502824d9a
204,2022-03-05,12,2019-10-16,1,35UQOJ9QS,13,c1de71bc-accd-4e6f-bb83-9393abc98411
205,2017-01-31,5,2021-10-08,11,CNQ7P5FNH,29,297a6d98-3cc4-4da6-be25-b96eb41a6bb5
206,2016-12-12,11,2021-02-06,5,AM4L36QVZ,17,9e5e8e76-c100-4cbc-aaa3-45049f1e5d4a
207,2018-09-05,12,2020-11-29,9,0809CWF7P,11,f26517f7-9819-4883-93ba-63d53d22e38f
208,2019-05-20,3,2022-07-26,6,N8DDD1INX,2,d5e5e8cb-0a5f-4767-9bb8-133b55c18bd1
209,2017-01-05,5,2021-03-24,4,Q430HF0OG,5,2a535dbf-82f6-4d3e-9e27-0472d2a49caf
210,2021-02-11,3,2021-01-18,2,XEV21Z09R,10,7e948098-ff12-47ad-af7d-c37508d14900
211,2019-04-25,7,2020-03-15,6,4YBHPISMK,6,ab4d6eec-02ec-40ae-a5f8-0bbc7365c8c1
212,2019-01-14,8,2022-05-03,14,VJE9SCLG0,6,43087d7a-0c59-409e-86ef-da68dce7e52d
213,2019-08-25,15,2017-11-14,14,8BFPOZ4W1,5,cf300069-caa3-4306-a455-cb3bc8799b1d
214,2021-01-27,10,2019-09-08,14,2POI2JVNL,27,5918178d-4720-47a6-b6a1-13b19cf59ca2
215,2017-11-04,7,2021-12-31,4,I487MHOU4,30,ba37c72a-72b4-47d7-8503-d91474142f96
216,2019-05-11,7,2017-09-06,5,SA1ZQRGQI,14,1dd727fa-c81d-454b-b4c5-5d17ba3d81ed
217,2017-11-30,15,2021-10-15,13,80KLK02LP,25,f94379b7-d853-4bb2-a1dc-399db1be6155
218,2019-11-14,2,2018-05-31,9,SNW4DGHA6,4,540b55ea-f05f-45cf-894b-b0a04936da8c
219,2018-02-14,8,2021-03-21,10,788SX5ES8,13,7dc92ba1-f5b2-4e07-9f10-2e10bb7d2a27
220,2021-02-15,5,2020-07-27,12,EB7IZHPYT,24,0e37baba-0c29-454c-8e65-0543d541beb7
221,2017-08-23,11,2019-04-02,9,X0IIYMP65,17,58079f63-405a-422b-9c0f-fac71d6e5e00
222,2019-08-18,12,2021-12-19,1,PM612JLSK,28,d547c79c-7fca-4e5f-984e-9bc3ba35f179
223,2018-10-27,8,2018-02-19,4,U6BNKFPG3,2,993747e8-469e-4dc4-b9d4-2eea0bffcae3
224,2018-04-07,10,2021-08-30,14,VNFE8S4Z6,21,0a88ae2b-a53f-4ca9-87c3-27d3c712f56e
225,2019-06-09,6,2017-01-24,1,X8O3RQ0MG,29,096405f6-aa5c-4330-929d-b1a639f5f57f
226,2019-09-28,5,2021-10-28,9,UXJ20TJAO,1,ab4dd1ab-9fb0-4e02-abd8-5a78d12fb4bd
227,2017-06-14,15,2020-12-14,13,DPGBTZMEZ,20,f4e0bce2-199e-45ad-a9f8-b3b95a3c0d16
228,2020-12-15,12,2019-09-12,8,OV7EPQKLO,3,dc9c402b-0c90-4e25-a509-81c82ebbdc95
229,2021-06-22,5,2017-12-05,13,G842XEZC2,24,e86a48a8-1bbd-4fad-b680-25d58d9cc4cd
230,2018-04-18,2,2016-08-14,8,G6DN03P4R,30,be4a13cf-ebab-4be2-9edb-8b064aaa7d68
231,2019-10-12,1,2021-10-20,4,O7WA69MBN,12,aa12197b-d756-437e-a364-73e365c914ab
232,2017-04-14,4,2021-08-22,3,HWO7AUEQD,24,a0827f47-617e-4b8d-95cc-5148135c283e
233,2021-08-25,1,2017-04-02,12,3A5OJ0904,22,7c9ec4b7-feb2-43fa-8548-6774f77c100e
234,2018-05-08,6,2017-02-08,4,0ICHQZORZ,19,697423ca-afaf-4c60-9364-242419abf653
235,2019-08-10,15,2017-05-05,1,5XVSB3YOJ,23,39d3b19f-1a1a-47f2-8a4b-56c7c8f9683d
236,2019-02-28,6,2019-12-21,1,3PIUCZ2MI,21,c8c90ba2-853c-4c6c-91bb-7cb316617970
237,2018-01-04,5,2018-01-08,8,LN28L9I5M,24,56a79952-5aaa-4130-936d-5f29bdb6bed5
238,2016-08-29,14,2017-02-05,10,OKVQBOAGV,18,a7826bd9-2193-4719-9fc7-e5367aed3986
239,2018-08-27,13,2019-04-29,4,F67VIIK3R,28,c0d96bf3-0cf2-4e35-a5c3-4e72a788c156
240,2017-05-11,4,2019-04-19,10,CG7F9FR7E,7,980ce853-4ab4-4b36-8d4f-0ebd149ec538
241,2019-05-08,5,2016-10-31,1,VPZQ164FM,24,9950b619-0e5c-459f-84c3-aecb59e5080f
242,2019-01-10,1,2018-01-16,7,ZEVMPQFEA,29,f6ee8aa0-0a99-43f7-8bcb-31a3beef458d
243,2017-04-09,3,2018-07-22,13,8P4A8YQW0,30,29869e91-1093-4b9c-bd8b-fc7033a6c799
244,2018-03-20,6,2018-02-05,5,ULAR1TQR9,11,aff39a52-1124-4324-be34-a309510ad9c3
245,2016-09-15,6,2022-06-02,1,GCBGO4E6P,26,2a116f7c-404c-4242-b15d-5ce081bdda08
246,2019-05-28,5,2021-06-25,12,GN0QWBWA8,18,d6e56386-86b6-4a17-b6c3-f313eea5fdf7
247,2018-02-02,4,2021-07-29,11,KXUOAUAY0,13,7fd19ace-cde0-44e9-9baf-7ff5504f65a1
248,2020-12-04,11,2022-06-24,15,0C102IX7X,24,f608318b-9980-4356-9cd4-34981b8fcb87
249,2019-10-31,8,2020-06-03,14,5REO30LMC,21,38bce0d7-32fe-49ab-ba80-0382bd65313e
250,2017-11-26,8,2017-10-15,8,TBEOK15I5,29,7c120b4b-23cf-406d-87bd-4c7731eb123f
251,2019-05-03,11,2020-01-27,15,OYF078UIT,21,97c000f8-996c-41f2-9ec0-c13197cd676c
252,2016-10-11,1,2018-08-05,7,HD9PH0UXC,26,dc4a9c32-b946-40f9-a181-7a2f1ff6062e
253,2020-05-11,4,2022-01-28,9,S10YDEZ9K,30,68814076-8a4d-4970-91b9-ba15ebcf2c51
254,2020-09-27,11,2020-03-25,12,FCF92R9YW,1,b8486787-6bd6-4758-ac60-d99a61b7523a
255,2017-12-12,5,2021-08-12,1,BCTRD7E5S,16,82450820-c62c-4e90-bfa0-b65c4504de36
256,2016-12-01,10,2018-01-06,7,L1NRIRKTR,7,61430acd-f9ea-4ee5-9467-b30fdcbbbf0d
257,2016-11-16,10,2018-09-16,15,N8UJVF8PB,5,91a21a9a-c689-4744-a060-6869bf3013d7
258,2017-06-16,10,2016-11-30,5,7DESESRJ6,4,b4e4c94d-a288-4e43-ace0-745eae61dee8
259,2018-08-31,9,2021-05-01,1,KSTJF07I5,11,75b23ceb-42ef-4646-a036-a0e876b6c75a
260,2021-03-25,3,2018-01-28,7,OHD1LEXK3,14,93a6a185-9800-4fe0-ab0c-93ca23d71cf2
261,2020-01-29,15,2018-04-22,2,LS4QDAOKS,24,7b3d3879-6562-4ad1-be69-d7eb944ed50f
262,2020-12-04,3,2016-11-26,7,IDPDSA2MC,10,a0124b31-fe6c-4fa4-b80b-cad29c63d1d9
263,2020-11-28,4,2016-08-25,14,9F2615EG8,20,85c9e72f-f412-4b25-be25-ea1f627cdace
264,2019-08-07,9,2020-06-24,13,9MSEUG6T2,1,e728d163-162c-426c-bbc8-3527a9ca806d
265,2021-05-27,1,2018-01-27,10,221I3R6LM,20,cad50cbd-b5f9-477c-90e0-5061ca329c91
266,2020-09-11,11,2017-01-22,5,JQAMEY8CN,18,a0b15241-5c26-43f6-9fbb-ed261e25c6dd
267,2016-09-28,15,2017-07-09,9,O5DKEJP8W,3,314b9dd5-0863-41d1-8827-31bb9ee0606f
268,2018-02-11,11,2018-02-18,5,ELZM9BEF9,23,c6a3c390-d007-4403-a74c-359a814739f4
269,2021-12-28,9,2021-01-30,3,HCVQ4O3V1,28,0682fc61-5f06-4701-ac10-91875f7879b1
270,2020-04-29,2,2021-01-04,1,QZSGPR0DI,14,797b7add-c3fa-4397-b389-20fdd10dfbf3
271,2018-07-31,2,2020-06-20,7,DA0ME60MF,5,3b473cf9-daae-4ee1-8525-6cfb2c252260
272,2020-08-27,2,2020-02-17,3,W3634TSX0,4,34d7d5c1-5aad-4b3f-b678-11a98f37b8b3
273,2018-09-05,15,2017-01-27,12,AZTRFIGX8,30,2fa992f6-6c74-4640-8695-ae22e03c4758
274,2022-07-11,13,2016-09-23,2,391BKTYOP,4,076aaa7d-3333-41d7-aada-af482ce4dd5b
275,2020-11-19,7,2017-12-09,14,VGB2QL26V,20,2b2daa1a-7e6c-4be6-9afd-b8ad05ececa2
276,2016-11-20,10,2018-12-30,4,BZEEX6EG5,29,f42a6632-e509-4162-83a1-292cb5b84d42
277,2021-01-07,3,2018-07-04,8,IDD8ZL2HB,12,931cee35-af55-40ec-b813-b80ca72a926d
278,2017-10-22,2,2022-04-23,6,QELZTNE57,17,3dc88053-b10e-466c-afdb-9a6ad405feff
279,2020-03-15,12,2021-08-04,6,16ZLOED55,7,4e9cedc7-9a43-4091-8e5a-5afa81ee5755
280,2021-04-21,2,2018-05-14,7,1ASBW42H4,3,58b51454-12c0-4bdc-9d59-06b4ac849727
281,2021-02-12,12,2018-07-21,3,PWRES6MSK,14,a952d06c-3b6a-40c2-afa6-0bd728372f92
282,2017-12-16,4,2018-10-03,7,FFSKQC36I,18,b0445289-6461-46a6-b513-ea79c7e8f28e
283,2021-07-30,1,2020-06-10,7,MF78S86YI,19,22928057-0941-4160-ab7f-44e63bfb63b8
284,2016-09-20,2,2019-03-03,13,RGB8XSTXS,3,6ec3b373-068c-41f1-8345-e4f6646ddd23
285,2022-01-19,3,2016-08-16,3,0UEHVMZ9W,9,f96433b5-9c0d-45f9-95c9-ce9b3abefb14
286,2022-07-26,6,2017-11-12,6,8RC1KK50P,20,e8ace07b-8443-418f-ac9c-d32c93d90de3
287,2020-02-10,9,2016-10-12,4,KVYRISEZ4,21,8aea9115-fa31-4e70-8ce9-ee17dea6a56b
288,2021-04-14,2,2017-03-27,7,PL37N756T,3,c22481b0-2c94-4e92-a3b1-28f4780782aa
289,2018-06-23,8,2022-02-22,10,IZ70XBV62,4,b19d04e6-7552-476c-92b8-2dbb11913818
290,2020-12-05,9,2017-12-19,2,87ZX0148X,23,6343e08e-dc69-4afc-bc69-5ff48d461608
291,2022-03-06,14,2018-07-29,14,CG4228YNG,16,0c2d617f-7e9c-4f17-a038-c0e0b3d47548
292,2020-02-20,2,2019-02-16,4,5S0CEKV8U,24,db02ed19-1ba4-4d18-a8d5-a05a0a8809e6
293,2018-03-13,11,2018-10-09,9,P8ADF5V06,16,a5caacc5-e32f-4029-9ec0-ad06730bfa24
294,2017-02-20,14,2021-03-20,14,9YR4LZY88,23,47eec041-275d-42c5-8652-1909873112f2
295,2018-02-20,12,2018-04-19,13,L3CGKL660,25,c5038eb0-c683-403b-9c73-15d61de4e389
296,2021-12-15,2,2021-07-02,15,U58594AOO,9,76698da1-edd7-4753-8a8b-efbeee26a76d
297,2021-02-25,12,2017-12-05,3,CK6GFG1DG,26,4440e092-e6d0-4e3b-ad18-7e5c7410fc2e
298,2017-06-21,5,2018-11-10,7,LUVFBMBXZ,21,ac9cff76-bc62-4622-8489-4c16b2e9eed7
299,2016-09-02,12,2018-10-23,6,PZ2FR9UAR,14,c543e614-7b08-42be-88b1-278d9c4203aa
300,2019-11-13,1,2019-05-21,15,L9FGBVYNV,27,dee9944b-5671-44a7-aef0-46fa9bbf870a
301,2019-06-28,3,2018-01-09,7,RMRUTYMXQ,25,e4eb4ed3-5683-417d-bb84-fdd26258a9e5
302,2021-01-14,5,2018-05-05,15,W8QZPA2PD,19,f435b921-5459-4e96-bf6e-810eebf1d8c9
303,2019-07-11,6,2018-07-09,13,LE2GJ4134,11,7a156159-946f-4dd4-9ad1-03d18f1db644
304,2018-07-12,7,2018-02-20,8,MMDM76RTR,16,28f50f16-bd34-4c87-95dd-3325fe686692
305,2021-02-28,13,2021-08-18,14,PWQ1Q2ZSP,2,f7e99b9f-82ca-4602-83da-fb9f3e2be9fb
306,2017-09-05,12,2018-04-23,3,ZNAVP0PS7,9,6883585e-da0f-46f1-8769-7f1208aa4a81
307,2016-09-09,7,2017-08-23,3,IX5NZUJST,13,16c32505-5d96-49f2-b22c-828f4ac47013
308,2021-10-27,15,2018-04-08,3,TBHE22COW,19,2ceeed50-8802-46a3-9ef3-b4703f99b9e7
309,2018-03-03,8,2021-07-11,14,9D7300VIJ,11,edce9131-a21d-4406-8063-9e3b17563e33
310,2020-01-11,15,2016-12-31,4,2LJ08ICMY,14,92d01fbd-cefc-43b4-90f0-2172bea6de6b
311,2018-03-05,10,2016-11-25,11,RAG3MSHAI,17,cea898aa-7b1b-435c-b6a8-cc89485bd18e
312,2017-10-23,6,2017-02-28,9,9HFI1EY08,16,45a91377-0a09-4859-94ce-616cbd4eac43
313,2022-07-02,14,2022-07-22,13,7POFBGQBZ,10,a8e7b3c8-ba61-4447-89b3-2d90dc825eb8
314,2019-07-01,15,2022-04-12,10,VO6L2U1JG,6,ba96cc55-35fd-4f70-a7fe-f936344c8b16
315,2018-08-31,10,2020-04-13,8,DHK1VXTTA,29,f555a2dc-2595-4a10-b36d-ba61b022ebfe
316,2017-03-21,5,2020-12-28,13,QUK4FOQEF,26,43f6c462-7b4f-40ff-ac2d-806ea26c66ff
317,2021-08-25,2,2021-04-06,9,RM9E7DOZJ,19,dc4ead32-bb4a-48b9-bc37-026df1bed5d3
318,2019-12-26,5,2020-03-16,11,JTC3NDOI4,10,15015ec5-670e-4706-ae60-cc72bb1d892a
319,2018-12-24,13,2019-03-04,13,YIDRK9MFF,3,e03221a3-e381-4089-b46b-bbb2bd99f38e
320,2019-07-06,3,2022-03-06,9,RUGPETH7C,11,a3470ae9-5ccf-4f8d-aa97-dc027f8e2c23
321,2017-05-26,6,2016-11-12,7,M0CO849MZ,25,39035c98-d6b6-4ef5-a166-865ecef9a351
322,2021-12-20,4,2017-04-28,3,0T2KCXHC3,1,8ffc4820-1691-440b-ac7e-bbfc62ec251f
323,2022-04-24,9,2021-05-24,9,M1L151IV9,9,7d05b8c1-f331-4d75-b1bf-cc84ef6a3a6c
324,2018-08-05,1,2021-05-22,6,VDDLEJJRR,15,9ed389cf-e53b-4ef5-a7ae-42a541bf8c7c
325,2016-11-07,15,2022-03-19,9,QRFBK9F2O,19,7a08390f-faa7-4f02-a32f-beb6e2696cc1
326,2018-08-26,15,2022-01-11,7,JZ04M2N5X,21,9169d6fd-862d-472c-ac5b-e7754d7aab4a
327,2019-05-13,1,2020-03-28,8,ZJZ4WNKF9,5,11881ca0-785c-47aa-bcae-329c3ecf7076
328,2019-03-29,12,2022-06-08,14,97Q94FULG,19,95a33815-c5aa-4861-aee6-280ccb7a1f31
329,2018-01-30,14,2018-10-22,7,HZDFS7LPN,16,a484eea3-2ec6-4d71-bd5f-6afc6e4c90f5
330,2020-08-15,6,2021-02-23,15,HUJXTLLMI,20,c3e494c9-c5a0-4f0a-b1da-38775205e0d8
331,2019-12-21,3,2022-03-26,4,0KYUSNZAZ,3,ade4d49d-eded-420e-a41a-da4678240488
332,2020-11-21,2,2018-05-24,6,B2ICML34S,2,89e5e279-ce6d-43f3-b8fb-99e64f4c534b
333,2019-11-20,6,2021-02-24,1,W4XTIVD4H,30,321351fd-f2d0-4b7c-8d63-bacf5f68d0cf
334,2020-08-12,1,2020-02-17,2,ED1RCZK0Q,4,4dbb3d73-10fa-4f89-8e33-d97ebe7f52cf
335,2017-02-20,15,2019-10-06,11,OM9Z3KGPH,12,f5784780-091f-45e4-84e0-24b9704c1cf3
336,2018-04-19,9,2021-09-03,4,QYZBNJPLV,20,11db7089-449e-4e81-bc91-1c7c28857327
337,2017-01-22,10,2018-01-21,3,CCFWD9W37,19,2aced01c-43db-4820-8aad-a6ad083c6910
338,2022-04-10,11,2016-10-04,13,Z9KRGFF9X,27,978645a2-e303-4a38-bd10-5f070a24083b
339,2019-08-23,3,2019-07-11,9,17FD65DGW,29,d33949c4-a048-497b-9204-837e80fad8c7
340,2018-08-31,7,2020-03-24,4,W64T1GW6Q,25,72a85faa-16c1-43ca-a288-8bbf5061d6f5
341,2022-06-30,13,2019-10-27,15,LJKP188W7,22,3dea8362-1b7e-46ce-9655-a1ebf8aea270
342,2018-09-21,15,2020-05-11,6,BCY9U5U38,21,c7517183-ad1f-4bdc-a4af-93a2a2379ade
343,2020-03-16,9,2018-07-23,1,91JTV38C5,28,76f87ed1-4803-47d6-b9c6-246259297348
344,2017-09-17,15,2018-08-09,2,3GL40H80O,9,c738c7d3-26c4-4d17-b134-dd241291ca4f
345,2018-06-14,13,2022-03-29,6,OQE2GJ34S,7,9a362715-93ad-4a2f-b303-03a178002209
346,2019-12-25,11,2021-12-18,10,7YBK220IQ,1,908f4e90-51d4-41c7-8785-ba73f92cfb97
347,2019-12-02,5,2022-07-17,9,YQ1XITDZL,10,d27c2df1-4d06-4a87-9cd5-a2d751313ad8
348,2020-01-30,8,2022-02-26,4,9DVZBYP5O,20,146c1e43-8309-4e34-aed9-267647354859
349,2021-04-22,11,2016-09-08,2,SWO1QN5S0,3,2acde976-d434-4d21-8bf6-4dd49f196d83
350,2018-10-04,13,2017-06-23,7,9P2KPLYJ2,11,412f257c-1edc-464e-8476-9ea322fcd54b
351,2017-03-08,8,2019-03-05,3,KJ11XS431,28,e8af51e3-261e-4257-b65f-d01d2f891693
352,2018-05-26,12,2021-06-20,4,0OM34HEF6,10,baceca23-1e94-4ddb-b861-c2ecc9696f7a
353,2021-12-21,6,2017-12-23,7,0IVN1C8IR,29,d583dc56-19a9-4750-812b-f8db57a82884
354,2021-07-20,13,2019-12-27,6,441RR965Q,5,d364913e-5812-4617-8961-f68cdb42943b
355,2019-09-20,1,2017-07-02,10,WTIRHP4X5,1,14d0f0c7-c9f1-4765-b297-a557cbce770c
356,2019-12-27,3,2022-01-13,1,YV4HAF2D2,15,19f4104c-cf6d-46a1-95c1-4e1aa3fcfb5a
357,2019-01-10,7,2017-09-12,11,C47MF8YOR,19,e6b2454f-c911-4ddb-a642-9f9426a86e24
358,2022-03-19,10,2018-07-21,1,RY0OERQX8,12,15cdac33-fb8f-4969-a3c3-2cd80a55a4aa
359,2017-03-27,12,2019-03-21,4,YQ3QP8ANC,18,7eb280bf-a977-40ae-b051-ae7adc7e7d10
360,2016-12-15,3,2020-11-02,11,RM9JAIQ5C,24,ceb6fae8-c076-4997-b329-a0840e3856d5
361,2020-08-03,5,2020-11-05,5,XB2UEZ6UT,19,60e1081e-adbf-4c6b-a09f-3c64355636db
362,2018-01-02,10,2017-02-25,9,UW6PSFWG5,16,f5ee7d8b-e6ed-4809-ad46-a1f99a95221a
363,2018-07-12,8,2022-05-31,2,PBBJUES3J,6,96581949-ce7c-46e5-bf81-a684045ab5e9
364,2017-06-20,15,2021-09-23,12,WUZ7CUC7F,19,f0d29a35-cd5a-47de-9cc6-5b66121c4e09
365,2019-10-12,8,2018-03-01,3,6TF7Z9J57,16,0d8f4b83-329f-474f-865b-f8f1f9a607cc
366,2020-04-12,10,2021-12-06,7,VNIQO3SNP,11,a2285f2d-4f7c-43d4-9bac-6bc9424c4c48
367,2022-04-19,5,2016-09-18,8,JROGRH5LR,18,8cba573c-986a-4f16-8f39-7b21ed4bafdf
368,2017-05-13,13,2020-08-01,11,33IH3V13E,11,43c34e4a-a262-44c6-8e9c-95ab8cb06ff6
369,2017-07-20,3,2017-02-21,5,JPSAIFOF0,5,2d328832-95c3-4683-a31b-c28e39cf1323
370,2020-12-26,14,2019-11-20,7,O9REAXSC8,4,9b92cf61-ab8a-434d-b446-ee83de0bd931
371,2020-07-16,12,2020-06-19,14,2NW9PFH71,18,ad13f782-2a72-4345-990f-7a6e3fc8f169
372,2020-11-08,5,2019-01-03,1,E2DV4P3QH,2,2b009f35-948f-4481-8033-8d605c34778d
373,2020-12-22,15,2017-03-09,9,N1X0CQ13Q,17,f956396b-2395-4e5a-8b79-1d83bae5bf2e
374,2019-10-31,13,2021-04-12,5,TXNVEQ8Q2,11,c30a5e44-226e-43b4-9c31-7d64e891c6bf
375,2020-09-12,14,2017-12-04,11,SNU3T250R,10,cd0613f3-f3fc-4a97-868e-96fb4a0c39c7
376,2018-03-15,15,2021-06-17,3,T29VRYU57,30,a6c222b9-b60d-4adc-864b-c05a36ae9741
377,2019-04-06,10,2022-07-25,15,EE34I8JI6,18,98456b8e-9b7c-487d-96dc-3e60e624a3a7
378,2018-10-04,3,2019-08-23,9,ZN2QL6AZU,24,9ed7ce96-b141-49d2-833e-6306061ff25d
379,2020-11-28,5,2017-09-21,8,6Q596UJT8,4,4c2d1ebb-27aa-4630-8191-a2a27cecfa63
380,2016-09-14,13,2020-04-23,7,SWQMWC9FV,16,4499c643-37c2-4a67-8f21-726e780fc476
381,2021-05-07,11,2020-10-06,7,PHJTB43E2,14,336c0a4b-aa1a-4791-9211-f92a465ad60e
382,2022-01-27,13,2021-04-20,15,LRTVIRE04,16,15fa8eaa-94fb-40aa-8fb5-b27aca462b51
383,2017-02-19,8,2017-03-10,9,L5TV0E6DC,12,b35b3565-7111-4331-b293-67094a94965d
384,2020-06-02,8,2022-04-28,8,257U5KS9K,13,689eb6a9-7d13-4bf9-bd65-b4c6c36102b9
385,2019-03-28,8,2016-12-29,2,6ZGC3T8CB,16,aef17a8b-cf4a-4ede-a1fd-656e0a19ca95
386,2019-01-14,5,2018-09-01,4,YZL1DXFTI,30,486ef469-e79c-46b3-8c07-9d6e86b2695a
387,2018-11-09,11,2016-08-31,13,QU9Q8MM63,4,f821a47a-4354-4b92-813e-09d5101e9892
388,2016-10-26,12,2021-08-19,8,ISSGOYBVQ,1,95c55a83-76df-4eb8-b5ce-32cec10e7090
389,2020-08-26,6,2022-02-10,13,BK7RQC56X,25,25728611-fb5f-4545-b1a5-0f34e90045c1
390,2017-04-23,1,2019-08-31,14,VQWODRK5K,23,e58ea905-daaa-4f24-9f9b-7c342166811c
391,2019-01-27,1,2018-07-12,8,IZHRRII5N,12,34c0d0d1-a62c-4610-bc68-b637124e8d0f
392,2020-11-17,6,2021-08-04,4,BHVXV22YS,1,5b3a4456-d141-4529-95fb-9cc1d0f23055
393,2017-03-19,1,2020-02-17,1,P0ZGKW1Q0,3,c9b2b996-f913-4bb9-b024-6e392fcc2d3b
394,2017-04-02,13,2021-03-04,8,MDC6W7P6J,8,7d729715-8cba-41af-8bf6-4a1c73d21494
395,2017-05-16,15,2019-02-18,12,7NQNEXU6L,2,9319cfbf-7ee2-4ed2-933f-72735cbb4488
396,2020-03-19,10,2017-07-04,6,VVOYITCEC,22,266f4b49-4364-4d48-8962-1a88be1fb944
397,2022-02-19,2,2016-10-01,4,14LAIDZID,7,f43cc8de-05c1-4d4a-8de5-84fab67934b3
398,2019-01-31,7,2019-12-07,7,U00OV56EG,11,f0c18426-f85f-4e26-a8fe-b625ae7c52ea
399,2021-07-03,13,2020-04-13,9,4TFG9VQY2,28,91a747c0-2e41-4d39-a727-7bbf4dc2cab6
400,2016-12-14,15,2020-11-15,2,18DWMVZJQ,22,3127b794-06a3-4285-bea3-c14d0a9148f7
401,2016-09-22,14,2017-08-03,13,TMURCTQW7,20,b3b73211-26f3-405b-b705-fd98aa61a445
402,2017-11-22,2,2020-10-28,7,YAVYELR6Q,29,fe436030-2a34-4ce6-b872-0d4895cefec2
403,2019-01-30,1,2022-06-18,15,TI9EKHFH1,7,08725ade-a5dd-46bd-98a2-52f5c56cba3a
404,2016-09-06,5,2021-11-07,6,269V63ZM9,3,d18e6249-2d28-4f4c-a86d-4faf29ccd776
405,2022-04-10,7,2022-05-10,5,1WRXZHBGR,30,3d7412fb-905b-4488-b16c-2675cceebcd3
406,2022-03-11,7,2019-12-02,1,24L81ZUAI,15,771b1de7-08f4-4262-a6b2-72eb90965e0d
407,2021-12-16,2,2019-02-09,12,L20ZXYY3H,12,79968465-c224-4081-9d46-9e700589b24c
408,2016-08-08,2,2021-08-18,15,FXHH7GM0A,27,37f87090-b6ac-4c7b-8b43-86a56ba35188
409,2021-03-25,8,2017-08-18,1,HGBE34XVJ,18,468092cd-592c-4b74-9bcd-13f749bf259e
410,2017-08-14,11,2021-05-02,10,D3L7FQBIE,23,0199e77e-042e-4dad-b8f2-53aeb5c2af93
411,2019-04-02,12,2018-07-19,11,UX1LXD9GR,16,23ee3eed-b131-4a8f-9a2b-3a7e13350a2e
412,2016-08-07,6,2020-05-18,6,QZ6TOCY1I,15,5e65e8e0-6dbb-4afa-b5b5-08ffe8eb4e64
413,2022-03-11,1,2016-08-02,13,E71W8V0PT,20,6f68c82e-d0c7-49af-a821-7f62edb4a027
414,2020-08-18,14,2017-07-19,6,4NRNPGMP1,12,f40183ac-67d7-430e-b575-5f36b59ceab9
415,2019-12-26,9,2016-08-31,13,22E3CQJ5C,9,8b312a55-d481-4ea3-b6b1-78ea75c33d7e
416,2019-12-13,2,2017-11-27,6,YOF5WW9XM,9,c31aa929-082d-4945-a43d-910e87fe43b8
417,2022-05-05,3,2019-02-23,7,IT1RJCP67,21,db9dee0f-f021-40e4-8064-3fcd693e90e4
418,2020-03-16,15,2021-10-20,12,D3I3RBHRT,24,58e7f5f6-a61f-4a6d-b05e-854ccf825b58
419,2018-06-25,3,2020-07-29,7,15WNLDBTY,19,ecd3e715-1d77-4fc2-b552-ea2be73ee4f4
420,2022-03-10,14,2018-10-01,4,EPLK1U7PK,11,92b5d490-9416-4941-9cc6-728a97eab6d8
421,2018-05-10,12,2018-01-25,9,AEZM8R04V,13,662dfddb-a9c7-4c37-ba49-645cdbcc4005
422,2022-01-11,2,2020-04-22,8,8MB4PW9LH,17,38923e78-1d17-4787-b3ee-0646cdb2107a
423,2018-05-18,15,2020-01-22,13,QOUQFY1KG,16,7c2f5ff5-d54f-4958-abd9-d9c0554371d2
424,2017-10-14,9,2021-09-18,15,TE0G1NE3A,6,b28bdefe-6ee9-4c56-b37a-c5b5a5466c1f
425,2020-06-22,6,2021-05-02,4,KVDJ2F8U9,12,df2f73a5-daac-4090-a601-e3f81dd8f871
426,2020-08-17,12,2019-05-02,13,G0R9OMLUB,28,ee95c6d0-8a21-475a-856e-b153dd105a2f
427,2020-11-20,5,2021-11-17,9,KQHMVDI8B,10,88c934bc-f034-41d7-a222-bc990d768ffd
428,2021-08-10,13,2017-06-05,5,8SB1DKNUW,24,6ee185c2-d2cc-4475-9703-0951949f9cc3
429,2021-12-30,14,2021-08-28,15,IIY4BFNSN,22,0030cc94-eb9c-4bd7-a212-bcd656692c93
430,2021-01-18,4,2018-03-18,8,R9KLUKJW0,21,38ecb187-3eec-4c9e-9270-04ee20ed2643
431,2018-08-17,7,2020-05-04,4,GMCCP767V,4,e90b302b-7f00-4806-b229-363e5e5c5f96
432,2022-04-04,9,2019-11-18,8,BUAKKO4DE,18,9059c0e9-38c3-4729-b42e-543ed10095b6
433,2021-08-19,3,2022-07-11,6,H5PCVSDNU,9,92eb0dbe-d5c6-4687-95d2-edd6f1a367ed
434,2022-07-23,3,2016-10-06,5,0MOR4UYJO,4,4bb7336a-23b4-448c-b0f7-f1e08278fa40
435,2021-12-21,11,2018-03-01,1,P9OL0C2DG,30,e9f5975f-36fa-4f16-b9b8-788763cf829c
436,2022-01-24,4,2021-11-12,9,GJUTUU5WS,27,f07760c9-1085-4edc-b557-e53ce6359507
437,2018-09-24,12,2022-04-02,8,KLSG9MPSK,25,c13401c1-b310-48a4-8b41-a5c2e77297b9
438,2019-05-11,4,2022-03-12,15,DZY1SV83J,28,6361f799-1538-4c70-bb58-35ff33a2da90
439,2022-01-03,11,2016-11-11,4,0KTJKM8B8,4,ff586216-577e-400e-86a6-234fb2fb25de
440,2018-03-24,13,2021-01-14,1,7HO914HWS,24,79c3f728-f065-4a17-a0e9-100593e244db
441,2016-11-25,4,2021-10-12,4,4GHZX3Q3B,7,79c4673e-c097-4cb2-a776-703567c13cf2
442,2017-03-20,12,2019-09-08,9,RBVPTE6UE,14,dfe643c8-23a7-43e1-9b12-06b4fbe90702
443,2019-05-16,2,2020-04-20,1,E33QW53V5,28,d49a6330-fb4d-4216-80ee-108c2d3732f6
444,2017-06-26,2,2018-09-14,11,IC8WW3LOX,7,417f2687-2251-48b5-abfb-ee280c78828c
445,2022-06-17,13,2021-11-11,11,SKKANSY4D,23,7f838bb4-37c8-42e2-af19-c9bc6028cf03
446,2020-05-09,14,2017-05-27,14,GQRRWJOLG,21,3987f90b-57a9-44fb-b450-5ca399195ea3
447,2017-07-30,7,2019-10-07,15,1IIB96XD7,20,2bfcca85-1266-4b29-9961-d1b1674be991
448,2017-10-17,9,2018-11-02,4,C8Q7DB0QG,3,b5d2b28f-9d52-4af1-9ca3-466c8fc8432d
449,2018-09-20,4,2017-08-22,11,UUUBVVUYB,6,f40f8aa6-e0a0-4a98-8a1d-316d4ed5f9d7
450,2016-12-21,11,2021-11-19,10,DNRYMGWYA,11,6b9b3268-502b-4ebc-ada2-379b1b3b3c43
451,2020-04-07,11,2020-12-06,6,RH6AT246O,24,ea29b3d6-aeee-4b63-9655-ab14d3b910d3
452,2017-09-12,3,2018-09-29,6,ROBGEEDDV,11,376342ee-ce17-4807-8ae0-4efbddddaf7c
453,2018-02-22,7,2021-11-23,15,TRMSO1SKN,19,51d31f85-b524-4def-be73-41e32c8eb2e9
454,2017-11-04,10,2017-01-04,12,WDSCBCAGL,20,336b68fd-87e8-40d9-aea0-a6f9b6f2602e
455,2018-09-11,3,2020-06-06,4,ZUGIF22UL,24,ea7e1812-e9e3-4a55-857b-ef8ab21f8bee
456,2022-04-04,3,2020-09-03,8,CB50RXOPO,3,9af57d0a-1e50-4a71-ba8d-bf51ff562160
457,2019-08-18,13,2021-11-01,6,57VCIATB0,22,7b323f58-d25e-429b-a81b-18881a10390b
458,2019-09-06,8,2022-04-24,14,TCZF7UL6M,25,3057a32b-a2c4-42c8-8742-29b480a5201e
459,2018-12-16,3,2017-06-22,1,1RQ2RSZHW,4,7ff7fffb-d855-4de6-af66-4b6d71bf0667
460,2022-04-01,12,2018-06-20,4,4VAR9HD3Q,24,27c14e74-a576-4858-8da0-3254d0493b6c
461,2017-06-21,9,2017-04-18,6,EG57MAS9W,14,a4bec7c9-1395-4d1d-a5c5-731207ef48c8
462,2016-12-14,3,2018-09-09,14,D4XZ5G76U,17,1fb43b30-6882-4fdd-aa67-3ebd283f181e
463,2018-03-24,11,2021-02-13,8,XW272ZCUP,25,6903f029-97e2-4c8b-9f7b-71b2ba9e5ccf
464,2017-01-05,12,2022-04-01,10,ZYME30728,22,5ffc9624-b215-4f03-b62f-579bbe5f01f7
465,2021-04-29,8,2017-08-06,2,RZZGWBD0V,8,27e8c61d-5f62-42da-aad8-e2e85dedac9c
466,2017-08-10,13,2019-04-13,7,T8KA6CIJH,26,f3adbadd-7374-4cdd-a6de-a88810b42348
467,2021-06-02,3,2022-04-06,7,A7JY65TA5,25,bbcf3be0-aef2-4855-88f2-f378f9f54a5a
468,2017-06-01,10,2017-07-01,12,BY57O2GZ7,11,96d94314-c826-40e7-b0f6-02119debf404
469,2022-02-13,15,2017-03-31,14,MM1B6RJK3,5,c539c908-e6a0-40cf-8401-59c99b1fbb73
470,2021-03-16,12,2020-10-08,7,5291MJSYP,9,55689032-8195-42cf-99e6-607b23cc7b64
471,2016-11-23,6,2020-11-21,14,W3F363QUG,7,1cbbfe55-df85-4ac9-be3b-bdcd9e491c6b
472,2021-11-30,5,2018-05-23,6,8EIW9IY5O,14,da2a04ec-1319-4731-952e-dca853c76b6e
473,2019-11-25,11,2017-04-17,1,84UUZFHKW,26,6a8e9e02-0572-4323-a1ac-0cc74c7488ee
474,2018-06-28,14,2022-03-02,9,I9AHS6OA1,5,2213fd1c-7538-4ede-904f-aefb2f3065f0
475,2020-02-11,7,2019-02-11,4,G38F7O7RV,24,71648a20-798b-4b4c-ba2b-82c5418684fa
476,2017-10-30,7,2016-08-08,14,DLK8XXECT,6,404a6541-603c-4843-947c-a9e1b89aa3d6
477,2020-06-17,14,2020-01-29,9,WUGLLPD8M,1,f18e8db0-1261-4eda-822f-4ca3b132b831
478,2019-10-12,6,2019-10-01,9,2YQ6BNXTQ,26,2f1d2e88-44ef-4a78-ab1b-c78823c76e97
479,2016-09-03,8,2017-07-13,3,AJMSCJRCO,6,3c46aae6-b3b8-45d2-a5b9-45fd7c4371f3
480,2021-02-14,6,2018-02-27,15,7JQU5GOWJ,19,b2233195-dd83-4b05-95ad-694dcb827954
481,2019-11-09,8,2019-04-25,11,FNODDGBXY,2,12a07088-b14e-455a-9454-3f8271100674
482,2018-11-11,11,2017-11-16,15,A7RPMLQ3M,13,73e3dde1-b863-4ef2-a5e0-f5d23a404bf2
483,2018-09-16,2,2019-02-11,9,NO9LYZJUI,6,2a45ffed-faa5-40e7-997f-bfe0df301f66
484,2019-07-30,13,2021-05-17,8,3DHFEYJXR,30,99b4e7b4-a3c8-404f-8042-8f3ac1ba80b3
485,2020-09-13,10,2021-11-20,14,PLZLMEAKA,7,d531913d-1b6a-4f43-9265-931a49e46224
486,2022-01-03,9,2022-05-13,1,B92V041HC,9,122efd0c-2785-4fb0-992e-d436e50d4757
487,2020-01-17,7,2021-11-22,14,L5TJDOGKH,25,ba6b729d-e84c-4c9e-bdee-68965f8d1664
488,2018-09-10,1,2020-05-22,15,LHXXCJZJY,28,640f3352-9212-462f-b5fb-7c2b7a1a7247
489,2020-07-02,14,2019-05-30,10,R5FT4PZNK,3,a1141ca5-637c-4511-9170-359ad5ab8257
490,2019-09-09,12,2020-05-13,8,GTFLP04NA,13,84d01167-ba2b-4409-a778-15c218a478a1
491,2022-07-29,8,2018-02-19,2,36G07CD03,14,bf2d522b-061b-4a54-9ad1-377ca94ef187
492,2017-08-11,14,2021-03-04,9,GNVADUFXT,2,24fb4294-38cc-4b76-8661-8d30fcc90560
493,2018-07-10,4,2021-09-09,3,U6ISA5IIS,16,b2400ae1-b3c4-493c-ac8b-93f11eef0d50
494,2017-11-05,15,2019-09-02,9,WB7D2QLSD,13,cbcd4d57-57dc-41f9-81d7-caebabe8a147
495,2022-02-17,11,2016-10-20,8,FMV2FMHZ3,30,66be882f-a3b5-4405-a26e-801da5471221
496,2021-03-27,5,2022-06-23,7,DZ17KSHR3,25,1eb6d50b-c6e2-4564-8d1a-4a13f44c7b4e
497,2020-11-08,4,2018-11-03,15,C6QOX2SAZ,9,39f7d8da-0549-47f7-9a4e-735c0c9699f8
498,2018-11-29,10,2021-08-09,6,7XJJSS8C5,19,033cfd61-81a5-4f4b-8794-c8cf0be99f6e
499,2021-08-16,7,2022-07-10,13,HE60U86SW,19,7bc8975e-6ba5-4e37-951b-7f1ac387262c
500,2018-07-14,9,2018-12-26,13,BIXOMJE0G,19,a6194d2e-d861-4c8a-810e-a28dd19107de
501,2020-11-05,12,2021-05-01,5,TRSUGXTM6,20,34de18f1-8e59-4cb3-a45e-6d24834346e7
502,2020-09-10,10,2018-06-21,10,G6OFBYUPC,3,e00f508a-4b0c-42c5-9cf6-0ddfed6f75af
503,2019-06-14,3,2019-09-12,13,KG8F5XG29,27,b4a18dcf-53b4-451b-a677-505c8d9f98c7
504,2019-11-07,13,2021-10-06,10,53F3Q37P5,4,0312daa7-4297-4ccc-86af-d137a8063231
505,2017-12-08,6,2017-05-19,2,2LSULXJMM,1,0eb21bf6-d16b-493e-aa04-535afe9057e4
506,2018-05-06,8,2017-10-23,13,J8HB3PGVA,20,839d4d1d-c482-461e-a9f6-2ddd0f6b4d2e
507,2019-03-24,9,2016-10-29,5,EVQXJ6TMM,5,5daa7c5a-cd8b-4ad2-a1b5-ba1b0be655af
508,2020-06-25,12,2019-02-02,7,21GFH5LEQ,28,db402e78-9f12-4034-a226-0a53fd151274
509,2021-04-17,2,2020-09-28,14,K8C9PVAWK,17,312e935a-cc9d-4f52-9692-f41942d97268
510,2016-11-03,7,2020-05-30,7,3QXHNEK79,14,7c4f425e-8790-40e9-be72-fabb5a852f5c
511,2020-12-03,13,2022-07-13,2,ZUPXOLNL2,5,e8065084-c2f2-4ace-8ce3-93d275bd3c35
512,2021-07-28,6,2020-06-09,1,QUBSKP47K,10,3608aad2-a103-4fd3-ae5d-2e977ca17b34
513,2020-05-16,2,2020-11-30,6,6UJ24V4ZI,12,0ddb2f72-e863-4fc5-8cd3-f4ba758c3f06
514,2020-08-20,11,2019-08-07,6,KU5028RXI,20,25c0457a-91f6-4cda-b745-9956da253a97
515,2017-01-10,1,2017-10-08,11,NWFYTL5D8,15,eb68bdd2-56a8-43e5-a291-d88e508311f4
516,2018-03-21,7,2020-07-18,4,P7SNSNJSG,22,232018ab-ee5d-461b-9925-8ab19aaf046d
517,2019-05-20,10,2016-11-11,8,P00MA9YH3,13,3e16cb31-b553-4261-893c-e52e530f1bb1
518,2022-01-22,3,2021-03-16,15,NPH5M094Q,8,c88c0272-4078-442b-8023-979afcfecf5c
519,2021-11-04,1,2021-02-16,9,PLG1WPFTP,4,7416cce3-caea-4315-9e76-b53123cd2cbe
520,2018-12-12,10,2018-01-17,2,P02SHX5U6,4,ceb575a2-e79b-401e-b185-446ba16a41ba
521,2019-05-21,8,2020-10-29,4,H6VTDXZDV,20,6f602c51-ce7a-4db2-b885-068b917b706e
522,2017-10-17,12,2018-12-27,6,EASG6XNXZ,4,3afff9e1-89c0-4227-b85b-7549a303f099
523,2017-03-16,15,2017-05-31,2,W6V1N3OPA,16,82684688-ae38-4387-a801-ad4a5b785306
524,2017-11-13,1,2017-09-16,4,1LNPP0N9H,24,f668b271-1d35-4e7a-9eee-dcfe6d4dc5f9
525,2021-11-13,9,2019-07-26,2,QD60DE5KJ,13,844deac4-eb98-4c79-9c5b-c45723a2223a
526,2019-02-08,11,2018-07-12,2,N9U6AGMNP,20,3e1c3fdf-65d9-4835-a316-50ee24fa8831
527,2022-07-24,11,2020-07-19,6,HWR5D1ZQB,1,462a4545-bd7c-4b63-9be5-edd70d04138b
528,2018-01-10,13,2016-12-03,4,2S5ZD0RV7,19,6363b4ac-2471-4e35-9570-01eecce58e39
529,2021-04-09,8,2019-03-01,1,YIEN8IMJ0,22,cbf7f8b6-8659-4fb2-84f7-d9be52e333ea
530,2019-05-07,3,2018-09-19,1,Q30XET94E,10,f36acdae-ea98-4084-80bc-2e1b4c24a1cd
531,2018-01-12,4,2017-04-21,2,QAD5442QA,30,af2b2bf1-e97e-4994-98d0-618ab4c094a0
532,2018-03-31,12,2019-08-10,14,A0ZKNIF92,21,0ab1fd52-c3fe-49fb-b7fa-ded9a878b236
533,2022-01-12,8,2020-12-08,3,HM3KXDEJC,5,395fe8dd-b296-4875-9e86-2e5b38434619
534,2022-01-18,9,2021-01-31,12,BQ0NEYDBV,3,5ff0ceb2-ba91-4be0-971e-5c7f9e6a164a
535,2018-03-10,5,2018-02-18,1,8DIMOUIAG,22,8a4ba465-eb9d-4b8c-9414-70a438e9dcd1
536,2020-06-13,15,2020-04-19,13,LVABF81CM,11,6d44e097-1a7f-41af-b1f4-395b7bbd330d
537,2019-02-03,1,2021-02-16,13,WMAT6Z27D,24,2c17b52d-375f-49b5-a255-415eadd55d58
538,2021-08-28,10,2020-09-18,14,SCMEOC62S,16,7e553582-a1c4-4581-8d7a-bb5ce0e500c2
539,2019-12-30,6,2020-09-15,12,XOFILM2RT,21,6d05d542-63b3-49ee-8c24-e1d902780c6b
540,2019-01-14,2,2016-10-27,15,62N3K0Q3Y,19,9bffc1a9-e920-4f1c-b10a-00f5b8ab1916
541,2017-07-21,8,2016-08-12,9,0ZS748M7M,14,ed8c65cb-7bab-4373-aadd-95a77137be27
542,2018-01-06,13,2020-10-16,1,HND5WKYZJ,27,033ca8bd-9e32-4a8a-80d8-1a9865690f2e
543,2019-03-19,7,2022-06-23,12,YPHTU8B0E,25,370b67b1-4ff4-4746-933e-d48ba45aee49
544,2019-09-18,4,2022-04-28,15,LBW7ELWFH,26,9976105b-00a1-4e2b-9824-76a954873346
545,2021-10-30,4,2021-10-12,6,P2C3SCXQ1,29,1698b64f-3be8-43a6-961e-bb33450542fd
546,2021-08-28,9,2020-12-10,9,NUI1M16SB,4,d01d70cc-542f-425e-8357-e3dc91b285ab
547,2020-09-25,2,2018-05-11,12,XCZLTQRAM,28,4780e14f-e307-41cb-bab4-7ead211895db
548,2022-03-26,3,2019-08-22,13,RIB0UJBI1,1,5a590b4a-adf1-4779-b900-3e86c61748fd
549,2020-07-08,10,2018-08-05,6,0BQ5FNPNU,28,d2b2b08f-8dce-4084-98bf-f2903930dd4a
550,2021-02-23,2,2020-09-06,7,3UQBILRSK,18,1bcc5080-8228-4fd0-927f-00b49351d84a
551,2017-07-17,9,2018-11-01,13,4TLYVGAFX,20,4459e114-6584-49a5-bf30-85ee1bffddaf
552,2021-11-18,2,2021-03-15,9,SVH5VESSG,22,f2ae4d16-e4c2-4e17-b7d1-0c6a94b27099
553,2018-11-30,10,2019-07-28,13,STC5DRZU3,17,5aa7ca6c-2695-4c5a-9083-102b96662908
554,2021-08-09,8,2019-06-06,13,EQYTOBF9S,24,f7f7826e-4b83-4031-9f88-13730fb2458e
555,2016-11-11,3,2019-11-04,2,WFRYY9O73,16,5abaa6e9-9bad-4a54-ac55-9cdba14e8136
556,2017-12-15,6,2020-08-16,2,2KMS5PID3,10,048c7111-f361-4739-83d6-e2189bbd9077
557,2020-11-27,1,2017-10-14,2,GUEI96HSC,15,603bb73e-3075-42ba-85c2-86b713575fa9
558,2019-01-01,12,2017-08-20,4,DL6VS0MCO,26,e84af276-8f1c-4a97-b87c-f513ae05a0a7
559,2022-04-13,1,2021-01-03,12,2OV9FRZMB,29,b52f4958-a6d4-4d06-a9ea-470b4a47181a
560,2021-05-25,3,2022-06-09,10,LPJ6I148J,20,61a7935d-435d-4b16-be9b-850efdc927a0
561,2022-05-09,7,2021-11-17,9,AVNLC2UZ4,14,3c101aed-c3ff-43ff-afef-95f7fbaaa78d
562,2019-12-31,12,2017-03-17,9,3I4E1LUF8,24,72b379ba-6a86-4c59-856b-90778932079c
563,2020-05-19,1,2022-02-23,13,X1A61TPEB,12,5c5b302c-e529-4889-91f5-7bf93b50cc72
564,2021-10-10,11,2021-01-19,14,GISYTU1J1,13,81fce08a-d28f-4e19-a83e-260111b8470f
565,2022-06-14,8,2021-02-08,9,XVSNTGE95,5,6517fd9c-132a-4ff9-ac52-22ca34793ef0
566,2016-11-18,15,2017-11-19,5,951XQB5ZC,3,9c0ccaff-3b73-4ae8-b565-b7dbdb79ae30
567,2019-03-10,15,2019-10-28,3,QS6R9DOO1,8,0efef93d-8f26-459f-add3-8d7026ab98f0
568,2017-02-17,2,2017-06-15,8,0DGAN86RW,15,d6c68366-84dd-4116-a31b-9139fa4c440e
569,2019-09-05,10,2020-02-27,5,YSZHXOI3A,10,6a62a484-9304-4589-ab9d-4d549fd42fea
570,2019-04-01,11,2018-08-16,8,Y2KO22RRB,12,311580c9-1e18-4e12-9334-c6aecb170235
571,2022-01-29,2,2019-11-04,9,YK75LKA3O,25,33a532ae-eedc-4111-a039-93616571dda0
572,2017-09-18,2,2017-10-27,5,MJAF1RN85,4,50cad92d-7fa1-4e65-aaa8-235dc34f494c
573,2017-02-09,5,2021-07-16,4,7K352AZNC,14,db75ec23-7d79-4bea-a639-7f6ee42c49ba
574,2021-04-09,7,2019-08-30,1,HSBM3VB1H,22,0d5409f5-5e66-45fb-aef7-14600c7ef3e7
575,2017-08-29,12,2016-10-17,15,EUMZS61OE,20,d1f1423b-9e3a-4690-91d4-6b039f9abdca
576,2019-06-22,9,2019-06-26,7,1TQ8SYUGX,3,55f2520f-8e24-470e-b816-a62555d60b55
577,2019-11-12,5,2016-12-10,3,ZA9URYETF,28,d89d6fb4-c86e-4aa7-9a3a-ac7b0c47a244
578,2019-12-02,13,2016-10-03,4,ZGQZTP20J,3,fb707957-83b3-4177-8b7d-1e88ff42af8a
579,2022-02-22,10,2022-01-10,15,1L1GU3GEC,5,a5875620-6796-47ed-9365-0c2b08775b76
580,2017-09-13,7,2022-01-24,10,VGZOSH5V6,27,7e6c2192-68c5-462a-a883-1d6c5b6b6f6d
581,2020-04-17,3,2022-04-01,4,JGEHU4K1C,17,04c94f9a-b3c7-4943-ba5b-61202e516429
582,2018-09-20,15,2019-11-14,8,P7LVQUNH0,22,ddcda19e-61ed-41e4-9c05-fbde147842e5
583,2019-04-08,12,2017-09-20,14,L0K5131VE,3,3eb01954-eb32-45aa-814f-8539b4f9cb97
584,2017-01-15,13,2019-10-22,1,S6BVR54CO,3,bf3626fe-a8dd-46d6-8fa5-dcd9d2f5d08f
585,2021-08-21,7,2019-07-28,5,U9XC856JY,15,98e35e57-44e0-4314-bbfa-381c5da73e24
586,2017-12-19,4,2021-04-10,3,CDQX2CHFC,22,898be772-04d2-42cd-9c3c-c0dee200fca6
587,2018-08-04,13,2021-04-06,2,2EOOPX1LF,30,3ed158b3-8c49-4de1-bbf9-145e879c5836
588,2019-11-09,5,2020-05-21,7,C6S8KGY1R,7,d29c0b26-469a-4fa2-83d1-535bbff1541e
589,2020-06-04,15,2021-10-22,2,F7FFJF8CI,28,ccd998c3-9c48-4be3-8bfa-c8f99091ea62
590,2019-10-16,9,2019-11-07,3,T4E9YX6BZ,21,54315246-8c10-43b9-a122-6a71b71ebbc7
591,2016-09-10,2,2017-03-29,3,5V31A4O7X,29,94bc30b0-2f79-48d3-ab25-bc067dad4037
592,2022-03-15,9,2017-09-19,3,ZRY0JT55J,1,0faf1664-7c8d-4cbd-9953-e30bf8e988d2
593,2019-07-16,9,2017-04-22,15,8BZJEXSCD,11,50e9d5f6-13b2-47df-adc0-a8077dbebf67
594,2019-11-13,7,2022-07-08,10,RZXDMEJ6I,18,b96a3e39-860d-438a-80d5-c1efd8006cf8
595,2019-02-01,6,2020-03-07,7,PB6LFAAWK,2,d37df94b-fffe-4c09-9eec-e813c1102429
596,2020-04-03,11,2019-02-28,3,UZ3IJQEEC,28,367c7dc2-6fad-4165-b105-f89c6a7319f7
597,2017-09-16,8,2018-01-31,14,71MO7XEZB,29,ab2ec61f-41e0-4347-8c4a-7cb76b6c2efa
598,2017-01-31,15,2021-03-02,9,RH5U3DGUQ,7,d6a3d533-13ef-443a-9d33-97144efe76fe
599,2021-04-27,7,2019-09-09,15,3540LC8KE,12,81f2f30a-1666-404c-8125-62b626323b0e
600,2019-08-30,13,2017-06-09,2,7BK0J62A4,15,de50b075-169a-40e7-a6b1-02da240e258d
601,2020-01-02,6,2021-12-23,11,4B7X1Q2F4,20,82176dbc-1358-420b-b906-df42f3cf00d6
602,2019-12-01,5,2017-02-26,1,6BBDF3CDZ,2,2cb3d999-e608-4c8f-ae04-f95465b40a74
603,2018-12-02,10,2021-03-10,1,5W5S6NH22,30,8fd7b2d1-3e9a-4537-848f-b95f0fed4f62
604,2016-11-17,5,2017-11-20,11,L9VF8E1E4,26,4f06446a-30b6-4178-9f47-cda5b209762c
605,2019-09-04,4,2018-10-30,15,Y0YQABDSK,6,89d7343c-7af1-44a4-94db-f51f601b9f84
606,2019-02-12,13,2017-05-05,5,32JYR41JJ,7,b517adce-90f2-4b9c-96ec-4876150a7269
607,2017-11-27,4,2017-12-23,6,RDQG5Q9SX,30,76d35f96-1282-40c8-9a41-9de62257d72b
608,2016-12-21,3,2018-12-23,8,T9WFUOMPV,15,6dc8ea30-9181-4269-aa7a-d9b011ed0c68
609,2021-10-19,14,2019-03-26,1,PJ4XLRSRR,8,b8a313c9-2baa-4649-9c9c-2f4fd46f3a74
610,2021-08-04,4,2018-08-22,2,8BTNRZ7FF,14,8c3455a6-8f6a-4609-8aab-915985fc767d
611,2021-09-23,9,2021-01-01,11,9MWZR8EVX,12,1c775bee-7788-45ed-b8d9-fc1d3147949c
612,2021-02-18,3,2020-01-18,8,SEL515AUN,1,3cccddce-20ed-4191-b706-b43ab50cd742
613,2020-06-10,15,2016-08-19,12,TBB75QQRG,5,3716b096-3ff4-4821-8f83-c4a6a3675127
614,2016-12-05,10,2021-10-11,13,Z6LPVL843,26,393a2895-bb78-42db-a48a-87f0cedceeb0
615,2017-08-28,14,2017-08-02,3,54P9JG2Z1,4,ba421370-1904-4457-a3f7-327b9af20139
616,2021-03-28,9,2019-11-26,1,HIWA2QSGS,4,a8614164-5dad-4c39-8ff5-16157d337964
617,2018-11-24,15,2020-10-29,8,F49S5NQ20,5,fdd43483-e905-4331-8216-7e64b7284e19
618,2018-03-20,12,2016-10-28,12,NY6609UHR,20,8b194c64-5979-4515-9c74-771b7e28933d
619,2017-08-24,6,2017-11-14,6,JUT6VF32D,29,076bb1c1-80cd-4168-874f-9facc1be46a1
620,2022-04-08,8,2018-08-13,10,NTO509Z6B,28,1e4cf363-0470-44a0-a20c-dfdc4fb38d8a
621,2019-07-25,4,2022-02-12,10,9I322Q5LM,3,387f54ce-fdd5-4884-8399-0a814af208fd
622,2021-12-23,6,2020-04-03,10,WQ9SR7N6W,7,e3d2cf4d-316f-4a2f-aa50-80e736fbfe8e
623,2019-12-17,14,2019-05-20,2,98OL1J767,12,0204059d-cb9c-475d-8e7f-48cf240526b7
624,2022-01-18,7,2017-05-06,14,IUQHY0TWV,17,2d232bc1-027f-4442-9658-aaec937ca4c1
625,2019-04-05,5,2016-08-27,13,FVKZBHFBT,13,f9692e19-6ad3-4688-8f7b-e72664ab7bf0
626,2020-07-11,10,2019-07-17,15,EI2YIMPXD,26,6532015e-9ce8-45e0-8a0a-718fb2120dcb
627,2018-01-11,9,2019-07-27,3,VER8NA3ZD,11,2e3e9c85-2697-4a1c-a673-dfec159fb30a
628,2018-09-14,13,2017-03-13,10,LDE710L4Z,29,8b0d2d5d-c444-4492-a699-29f6e9d5751c
629,2019-10-25,12,2022-02-08,1,C4DXSG2EM,10,32934a6f-716c-44e3-80df-a38e2e78722a
630,2020-12-21,3,2020-07-28,9,MZABCB43X,25,edf1dda6-3ba6-463c-a4cc-25fd023fedaa
631,2019-10-26,12,2018-08-11,2,BHHXPHWB7,24,6eef06cd-3320-4908-8112-7aa6f400c1b5
632,2022-04-08,11,2021-05-18,15,1LDWQDHW5,1,63780a98-82cb-4c89-8b66-4d522d0abaad
633,2017-03-10,9,2022-07-27,11,NLNW3ZS1R,24,a0326615-8d98-40fb-9816-476cbf13e869
634,2017-07-20,6,2017-08-11,2,YF67IFW0P,28,e558d5c7-5bf2-4cbd-9db4-34a6092a0180
635,2019-07-29,5,2016-10-05,6,V2SQNI5OQ,21,f9b24831-2293-4697-99db-1e6c3f13e27f
636,2019-08-09,13,2020-05-02,12,91DRZDNOJ,16,65fd02ae-f478-4c7d-b97c-9ef262a85446
637,2017-03-29,10,2017-09-23,6,CVTHKP89Z,1,a3d9155c-b703-4d47-bcb7-cd5f877ad7db
638,2020-09-29,6,2019-03-11,7,B294LWJFT,25,5a38860f-86ff-44ac-b5d5-63f0b4f263a7
639,2019-12-19,13,2020-07-12,7,WG2O20A01,10,f8dad45c-b19d-4607-94fa-639eee61e709
640,2016-09-12,11,2021-03-11,3,UKT628J39,30,67734e74-274f-4607-aa28-8d574f95616e
641,2017-08-08,11,2021-01-31,10,N3R6ZO9KH,2,36301c91-36be-430d-86a4-25750f15f007
642,2021-12-18,9,2018-05-16,13,32UP4C4NE,10,502aa078-584c-4d71-8912-d0957fafb644
643,2022-01-24,5,2020-03-22,7,5K3BB6VWH,11,ed149ebf-f304-4662-a914-4b3023ad0951
644,2019-08-14,15,2020-05-17,9,9V3YHU6BJ,22,0e3be13c-cbd8-4851-838c-b02169cdf0cd
645,2016-11-16,14,2019-12-11,10,VWQWAKVDW,24,6f1b96e5-38e2-43f2-9cc3-d42407c0ce02
646,2016-12-21,12,2021-06-03,5,GQFJP03LW,7,3ca6cb78-5546-4154-9fed-f77447cabc91
647,2022-06-18,9,2019-05-01,7,RKHVOD6GD,16,deac6e5f-e3e0-45fd-9366-b1a15602ff3d
648,2020-08-15,1,2020-10-14,14,KLFW7OTOD,15,c660b51a-df82-4b73-906e-a8f5b8162b28
649,2022-05-31,15,2016-11-18,14,UYHY590KS,15,39ed048b-8865-4f89-9040-9a68980d46df
650,2020-09-06,13,2019-02-12,14,3NRXQ92DP,26,051ae7e6-fd96-4aad-99bd-599908d3bde8
651,2022-04-05,13,2020-03-26,15,2MXS0XSID,10,bfa84581-cf38-4ee5-afce-1359301dbbe5
652,2019-11-28,5,2019-01-03,9,7AJCT9XXB,12,d1084212-bba6-44e8-8ced-7c5207af8007
653,2018-02-27,9,2020-11-15,9,YQEV69OW9,19,50a25d41-3031-4002-a3e2-710dd8193817
654,2018-04-18,8,2017-11-26,6,GNAP08WM0,13,a8539c00-8ae0-4fd0-9d8c-01c5a01cf21e
655,2016-12-24,1,2021-01-09,4,E53HRNRX7,17,419b0123-25f8-421e-ad6f-9c1528d82798
656,2018-07-12,6,2021-01-15,5,3S9XRFV3R,15,64c6baea-4bb3-4985-87ae-0ae09ff9fa7a
657,2018-10-05,2,2017-06-22,1,A73RAC135,16,635d98ae-3025-4aec-8174-180c115a7e60
658,2019-08-05,7,2018-06-23,15,WPP5EIHZM,11,b101b5b6-c493-446b-badc-ce4986183a6c
659,2019-09-27,5,2016-12-26,6,J545PBKI4,11,2b85d9dd-6ffa-4d97-b23f-332115020f1d
660,2022-02-12,14,2021-07-24,15,I34NCTYLE,17,855bbda7-08a9-4965-b570-f44cdd5d5afc
661,2021-08-09,8,2016-11-17,15,KY8W7BSBE,2,268b6400-40ba-401e-a33e-b05f3ef66844
662,2016-12-09,13,2016-10-23,8,TCI6TRCXA,30,a5ec680f-d1ea-4d8a-bb9f-9b6e680fcde5
663,2017-11-30,12,2017-11-29,14,KOG58E7L0,12,c0bba294-26d3-47ea-9221-e48f9a40ea02
664,2018-01-05,3,2022-07-03,11,1XPO6FXQV,25,0d56a52b-c23e-4808-981c-610a7615e4ef
665,2020-05-30,15,2018-11-01,12,YAXP7N99L,12,a1277404-e577-4678-825f-67394710a46f
666,2018-11-02,12,2019-10-09,4,06158SH2Z,17,3057434c-e9d8-4ec2-9dd9-f003cb1fdefa
667,2020-06-28,15,2020-11-02,10,S9BEUCMI9,15,125f2537-1fe9-4691-bba9-1b6a6b8896c4
668,2020-01-08,4,2020-05-03,5,GIUS76KJR,26,a6e8d271-dbca-4e79-b693-b7ca38c8533f
669,2020-04-26,2,2021-02-11,14,GZB0OQ7XC,30,403a558e-6357-47e9-9c8f-0572e985e5b7
670,2022-03-26,3,2020-05-22,1,5T1QSDKGU,13,719084d2-21cb-4072-8eb1-85e2e33cbd9d
671,2021-01-20,4,2021-10-22,5,0KDXY6NN7,22,6fb7d48b-4ee8-4809-b8ca-a9df8bffe686
672,2020-10-12,4,2020-12-07,13,08NX5622L,19,ba5142d0-81c7-4347-a8f2-9cdb9a06fdaa
673,2017-05-16,12,2021-12-04,3,43HMVFVHP,7,d6d90e25-4c7d-442d-9ed1-5600aa34d8f4
674,2017-06-12,6,2020-03-08,11,SVYKE3SQH,16,ef09e251-9a9a-40c8-825b-1f77702f90a0
675,2018-05-06,12,2017-08-30,14,MKTAROGB4,7,9ec7a566-18e3-48e5-9a66-ea9758e8364c
676,2017-03-04,3,2017-05-03,5,YPEIWBR4S,21,c61c07c3-f180-4f47-9d5b-47f64d4a6196
677,2018-01-25,15,2019-06-08,6,76AGRGRZ9,21,61dae191-1160-40cb-ad97-37bef91d6326
678,2021-12-14,15,2019-04-27,13,WOEO2L5FD,26,8f995ba2-12cc-442b-990d-3987f152027c
679,2018-01-20,12,2018-04-07,7,PZ5IYCAYS,17,eeb86dc2-405e-47be-b20e-96c76e3ce84f
680,2017-09-09,8,2017-09-30,11,GUJPXBA4O,28,5cf7a372-907b-440b-a278-cb921476ddfa
681,2017-05-07,12,2017-04-01,10,Q25HOZM8K,27,04bbfd15-27b7-465c-a92f-fd56a946de3b
682,2020-09-24,1,2019-10-04,7,I97K3M7IE,25,4b94c9ad-9b3b-4101-9767-1ce89dc03be0
683,2020-08-09,11,2022-06-05,3,X3K0WXUD8,9,797ae3bd-a628-421c-8b5d-e868d084c2de
684,2018-11-15,2,2016-10-06,2,BKXWAF3CU,26,1873ebdf-88a5-4860-95b6-29e5c031e64a
685,2021-08-18,12,2019-02-12,10,3CLJ9O82U,12,f67087e4-a7ac-4d46-a613-dd1148cc4860
686,2018-08-28,15,2017-04-24,1,AEG4OF01A,19,bf48fe24-ce44-4d3b-8b70-9c961d7c74df
687,2019-12-11,13,2022-04-16,10,9IF2HWV8K,11,214e5842-0b29-4095-8af0-e6714ce55a12
688,2022-04-30,13,2019-04-11,9,6AIUTMTBU,22,8bd8088f-f856-4325-ad5a-cf1d29fc022c
689,2018-04-01,7,2018-05-11,8,XB1AJS9PW,28,9a475597-ce23-4bd3-ace1-5a31cf612c25
690,2019-11-23,10,2019-03-17,2,1I5H60DTK,27,19bc8d94-328f-4ba3-8f76-6192c3e0a629
691,2021-06-15,8,2018-06-05,13,JP844JF3G,19,d4ba1cb6-1e23-4276-a7a2-034c5bca9794
692,2018-03-11,7,2019-12-11,13,SSQO6VI95,17,aebeafc4-a168-4ba6-9d43-c328decbfcb9
693,2019-10-01,1,2017-01-14,14,GS964V4MP,11,ff3cc2bd-e047-4ff6-b728-6ecea504170a
694,2021-03-30,7,2020-01-02,13,SZVU3RCG1,13,1343b001-bf18-4caa-a1af-176623f7de70
695,2021-11-18,14,2021-06-08,13,2LQ5V9WEY,5,83627663-3b01-4c9d-aa75-5d396a1fe591
696,2019-01-24,11,2018-10-08,6,05QNI0ATQ,29,79479e61-2668-40ec-a2cd-fae07106a4ba
697,2021-04-13,14,2018-06-19,12,OOZ77WEHW,22,90602c83-0a5c-4fab-890d-2b8a899b1914
698,2018-01-20,8,2018-01-22,6,W1F6DW1J8,7,2e76d429-9b8c-4116-b9a0-d96691f4de10
699,2018-08-05,4,2020-10-14,5,RYVNC4O8P,26,77ec855e-707d-4128-9746-88a0b82879ba
700,2017-05-17,6,2019-06-02,14,RTJWJ4I0R,4,7a113ade-a67e-41a1-9d1d-2d4b8c3e3902
701,2019-02-17,9,2017-10-15,3,VC7J1HC38,27,1133a88f-31fa-4028-a604-9e6d3f6ded20
702,2017-07-23,8,2017-01-28,13,GUEO6RPRP,10,65ee8a14-2d03-47ef-b9e2-3aff4949d6ed
703,2016-08-09,5,2022-04-20,10,OYYRC7RBC,18,5f7b0e17-f9b7-4232-b52c-482dfb61942e
704,2019-09-21,3,2020-07-16,10,5U15DO5LE,4,f1e9af98-96b4-4e2c-9786-0feb14e97921
705,2017-02-25,4,2021-05-10,6,HOUVOPXL2,1,d2172bf8-cb8c-4217-99c3-b0724131379c
706,2017-03-31,11,2016-10-19,8,RL9HJQULS,12,c19d77b0-1a67-42b5-9a22-469a38714909
707,2020-04-15,4,2019-12-31,14,R9PFTWSG0,17,c80dc3d8-e198-4942-a4a0-d95cd0ae6f15
708,2017-11-11,14,2021-08-14,3,J7769UWPB,16,e2258cf4-8a93-4a89-a598-c3a1b111bf89
709,2020-08-21,10,2021-10-01,3,W1L8UJI33,11,0abc2ab2-ba48-47a4-a0b5-e34bb4a7b786
710,2019-04-03,15,2022-02-08,7,0LJIFLYTO,13,495f1e35-8f68-48a7-b074-889c795202ca
711,2019-02-13,12,2020-01-27,4,U1P0S6IDU,20,394ff0e2-cca1-4b9f-b8b1-5a0272ff0eb0
712,2022-06-03,7,2020-10-02,7,F7IZ7RKV1,9,477a71e6-4a3e-4f27-a34d-4ef8227c117c
713,2020-12-03,14,2019-11-27,7,I7RMQZ2P2,19,ac44e568-8de8-43e0-8aa7-752c8601188c
714,2018-12-28,9,2021-10-03,3,VJK717ZYQ,26,af3c019c-dc3e-4cfb-8b18-c42b5b8b2382
715,2020-07-16,13,2018-04-02,3,9QH0PWUFS,29,b9db6a25-adfd-45f7-8d7d-ae50ecad833e
716,2020-02-16,14,2017-12-23,7,9YGK1L9YM,11,928b3a49-adb8-4943-b39c-3ab2fbf0676a
717,2020-04-17,13,2022-01-29,6,ZCQA769VA,7,5bfaeaed-c31c-4c5e-a827-719f03e6bae0
718,2016-11-08,9,2021-09-21,6,Z0DSLZLAV,17,7b19afe8-2bde-4d4e-b142-c04bfd0873a8
719,2017-01-26,9,2016-12-18,6,JPFZROUME,5,532719ea-893c-49e5-81a3-c01c4dd00120
720,2019-04-03,15,2017-11-09,12,U9174NREY,19,22a075bf-40a4-466c-9d0e-c8f98f28b658
721,2018-12-13,5,2020-02-13,1,H7X1V5MPW,10,11769cf3-8320-4a56-8442-a16a949450c8
722,2022-05-06,4,2017-05-11,4,5BWGU7T5I,12,382d6583-904d-48e0-ab33-755dba7f8468
723,2021-12-08,2,2019-05-26,8,11LGWYR1Q,29,2e727f4b-3ed7-4d3b-b937-f5e6abd0b42f
724,2022-07-07,5,2021-09-24,8,TDA61CVT3,26,0cdf2119-7f3b-42e1-84e4-682a8048b226
725,2021-11-26,2,2020-04-06,9,O6UYZVT0O,10,69f3e08b-8d1c-4396-bd6f-30dd517ac76a
726,2017-05-24,4,2017-09-13,14,D6Z3LQ33L,2,86d4c11e-eced-4a7b-ab08-5f46bb3898eb
727,2020-02-11,6,2020-09-16,6,P38WKVIPH,4,e7b5d5d9-b90a-442e-8cb3-1f531f04de8e
728,2017-07-10,3,2021-07-25,12,3B261WA79,23,1428f76a-b59d-4c37-9ca5-2ee85012821f
729,2020-11-03,1,2016-09-19,4,NTZW9E0JX,15,f1c27f3b-e1cd-4c9c-b385-b9b6e241dad6
730,2020-10-13,7,2022-07-06,4,R1DP9L6Z2,25,f5b3c83b-0668-4acb-aaed-3dce3e198fcd
731,2017-08-09,11,2016-11-18,15,YOXNCX62Z,26,12fe434d-4594-46e8-8dba-a651adf59dc0
732,2021-06-30,6,2018-06-16,14,I0WS5MQ91,11,9bcdf945-2b0e-436c-b3d5-2e2ae87b9b6c
733,2018-01-05,10,2020-06-07,12,XXGHSZMZT,29,b5efc9be-433c-489b-aff9-f002e180fcde
734,2017-01-23,13,2020-02-09,13,H3X5AF2H3,23,31ca05a3-ee7d-48bc-b3d5-5a8d369152e6
735,2022-02-22,3,2021-08-26,8,AW2Q2C0NL,4,3cd751de-d418-445b-97fe-5fe25e4810c7
736,2017-09-28,12,2021-10-27,6,MWODPKDEO,8,a30c1d10-8e1b-451e-896f-bee6d4d07a51
737,2018-06-08,6,2017-07-08,11,DPTFFYB4Y,6,ecb2cfa3-bd5b-4f77-acf4-42b24e6b57d5
738,2017-11-04,15,2019-06-14,9,8AZZQQ9LW,27,065d2a6d-8106-4654-a4bc-84f9ef6a1288
739,2018-10-08,4,2022-01-20,13,64M63VM4L,27,e2741d8c-9e34-45ff-8eb7-29f31dd65061
740,2017-09-12,12,2021-01-11,15,XJH4KJ1G4,27,4b27407f-eb31-456a-9c78-7d8b018ad209
741,2017-01-20,8,2021-07-01,10,COIMKJ0RU,12,00a42120-f871-4f70-9a35-2c2005078b0a
742,2018-12-23,6,2021-11-08,1,KU0BDBFH1,2,11480249-2ec6-440e-8bd0-d4fafcde1032
743,2019-04-15,8,2022-06-04,2,X3EJDUR6O,17,83fae91b-e4a7-4bbf-92db-a5066589a1f3
744,2020-09-30,8,2019-09-06,10,WRIO4430Y,26,624e3cd9-b12e-43ea-9cdd-48865a2b8bf4
745,2020-05-22,10,2021-08-18,10,IJ5JJW3WN,29,6af493f1-a1fe-4083-8761-e3ee9f8d80fc
746,2019-06-01,10,2021-09-23,4,Y1VE853IK,9,c5f10096-8eca-4888-8367-0c495bb885a5
747,2021-06-14,11,2016-09-15,7,OOHBNRP3S,27,0f704479-3a3a-4393-9a56-8c7dc0f5de48
748,2020-11-14,12,2017-12-19,15,5LD92JQJS,25,da1bbec7-c6d2-4d0c-9127-6b5791d9a9f9
749,2017-02-10,11,2020-06-14,14,EMSSKX1HU,25,5140e07e-ebc9-46e1-993c-5ba466816946
750,2018-06-21,12,2021-05-21,3,EP3TCXNXB,4,d82c69f0-fcb3-4006-b701-e86ca1910b88
751,2016-12-03,9,2018-01-18,10,WGH6BN7UG,27,a396be29-e09d-4fce-aca2-e3491f22c2cd
752,2020-04-11,11,2020-06-26,2,IRLG5FFX9,2,1c8acebe-4b27-4b1e-b1ff-a2cc5708141a
753,2017-07-13,10,2019-04-23,2,KIE6B286C,8,2fed2bb2-8f62-4496-815b-19071d90d2e8
754,2019-04-16,1,2018-12-19,13,BCNY4PFQD,6,72c69392-4e4c-4474-aa4f-dd9ec510c1d8
755,2022-02-04,5,2016-08-24,5,J4RAP67R5,4,873014ca-45b3-4b4b-a057-40174efc2818
756,2016-08-21,11,2021-03-20,7,Z21CRBCUW,27,79034c60-de83-45f4-915e-6b5f886ea831
757,2018-11-27,12,2020-09-07,15,L4AYE35FU,27,d74f4988-9a26-46ab-9e10-633e8d715749
758,2020-01-05,1,2020-08-11,12,2RIRG265H,21,5533bbe2-6920-4b4f-8981-fdfd5e836f83
759,2018-03-12,7,2021-06-04,13,O0NX779EY,21,5205caa7-0884-4bf2-ab9d-2d66c575e30b
760,2021-01-23,5,2021-01-02,9,P0E3DQ0OS,25,d5767cf3-3bed-492b-97ea-0c4fd3e8b4ec
761,2018-08-30,4,2020-01-18,7,SVQN7HXP0,26,2b15fb4f-63ba-4498-9130-35cd753a7f2a
762,2020-08-19,5,2021-07-17,6,HFO5HHEO4,14,94e6f96a-7b91-4fba-bd69-5e36b44633ae
763,2018-11-07,10,2019-05-19,7,QMM4SJCDS,8,54a264b2-8911-436b-8f32-6bfce3c0a61f
764,2018-11-06,5,2016-11-21,10,28F8ZA0HF,17,c2f3f15b-d675-46f6-ac49-1ba97a11d416
765,2018-09-14,1,2021-12-29,11,WSMN5WI6V,24,548fbfe5-9bca-4b7b-b970-546cb584d3b2
766,2017-09-19,11,2019-03-14,13,K9GJIL5ZE,28,e671d403-c481-4df1-a8d2-124acd5a45e8
767,2021-01-28,8,2018-04-04,6,2YLLFC4KA,8,5289d34a-39c7-4cfd-b91b-41c45e638f59
768,2020-03-05,10,2022-02-05,6,LQKL156LA,14,bcb3665b-7372-4342-93be-594e38b1fdd6
769,2020-06-21,2,2019-09-26,13,6X2M9H96B,24,361bc8e7-9afa-4e19-9c1c-690294b63f60
770,2021-09-07,9,2017-04-30,14,I79TRGDA5,19,97cd5e90-6f5c-4273-9af8-09ad0198c067
771,2020-01-30,3,2020-09-24,7,7S0PBQKEV,6,8ffdb3eb-374e-4760-995e-fe60d523db78
772,2021-07-21,9,2017-07-19,14,3DP0F9F08,2,df60d293-25ab-4827-9d3b-238777907ebc
773,2021-05-20,3,2018-04-01,6,DFRUV75E5,5,1f2e1497-a354-4f7f-a039-8fb86953404b
774,2020-12-09,12,2017-10-13,13,FOQDO1JY8,25,521e8830-d7dc-44b9-917d-970261be67ad
775,2017-08-18,9,2017-03-25,10,EJ2NDPPIZ,30,8b5e1b74-06b9-4063-9383-0ad573da18a5
776,2019-07-09,2,2020-02-26,8,MKPJL6013,10,188450cf-727a-4cda-9e59-77da20930f45
777,2018-08-30,14,2022-07-16,5,R2D76H8F3,12,45cb1a46-09c7-43ac-9afa-690dfdb57a1b
778,2021-09-04,13,2019-03-04,15,PCT3M08RK,22,b329df26-be66-4fec-b8c9-80cb3c03a2a7
779,2019-06-01,15,2020-05-31,12,TCUKPGL3M,8,cd68dc42-2b90-45a6-a560-509a583dd24c
780,2018-11-16,9,2019-12-11,14,8RD3V3Q5T,21,18fef4bc-450e-4be3-8874-6d605ede23c6
781,2019-05-02,1,2022-01-08,15,8R5PQHNFJ,27,1bf449b6-c31c-43fd-8762-c7a343e8c22b
782,2019-01-05,10,2020-04-21,4,YFOHQD15N,3,6312daae-3ecc-4578-8422-afae886fe9fd
783,2017-01-28,8,2017-07-16,10,0EK81OQ47,26,2ffffad6-416f-4cd5-b5aa-851a9af6633b
784,2021-05-12,2,2018-10-03,5,1K09ETONK,16,a69d499c-743e-4c27-820f-307cc905b83a
785,2016-09-11,7,2020-04-04,11,QGN3LC0BM,20,30def5f9-8524-41b8-b63f-bb0d454b503a
786,2017-03-10,9,2021-03-12,3,89B1AY7PB,4,a6aa4298-1be5-494c-b96f-e76874ceaf9a
787,2021-04-23,6,2021-12-26,1,4DL44QEQ9,10,2e50cbe4-095d-422d-9f23-ade62bc8d7d8
788,2018-08-17,15,2021-04-29,10,ZZFNSFFLA,11,5fe02f44-2200-4b62-896c-c213a47adee4
789,2019-10-23,4,2018-07-08,14,S79UEWB29,30,adf5f583-bb7d-4533-9599-f7190dcdaa75
790,2017-02-26,6,2016-09-17,1,VNQL93N7W,18,711571f8-aa49-4bb3-af54-e56b5375145d
791,2021-03-08,14,2020-04-02,15,T33E9VAZI,7,a0bbecde-8345-4b90-b369-3dfed7d91674
792,2016-12-19,3,2019-12-07,12,KZPO51MKI,26,71116f84-2c2f-4af0-ac24-834b01c63b60
793,2019-04-05,11,2021-05-07,12,T1QU4OAH3,13,c067d0f8-c58c-440f-a9b0-811e69981511
794,2022-02-16,6,2018-10-17,5,ECSYFSBTB,29,4c1facc2-48fa-407e-87c6-618cc315f358
795,2019-03-18,10,2017-05-12,2,C1FMOLZ1Q,17,e210aac2-6e68-421f-8eba-1fd8eb594b2b
796,2017-01-26,3,2019-12-26,11,YV0AM2M0Q,19,38f926a5-1540-4960-a789-f8fe1987dc96
797,2022-03-23,12,2018-03-20,15,JWHGK78XS,20,5089218b-78e4-41ec-aa6e-123b90b6163b
798,2017-03-22,3,2021-09-30,13,89OKHVGT9,2,b8d67015-6fa3-4ac6-8bdb-8472c64d257d
799,2020-03-18,9,2022-02-27,9,IOZ77YCZ2,20,48c43712-d12a-43f0-9c82-a2dababfefb6
800,2022-05-24,14,2019-09-14,5,CK6I7M1GZ,12,c4b5de83-a36c-4ac3-b8b5-7911eb09645c
801,2020-06-09,7,2017-07-20,1,GVOEINOWK,17,08021e78-6658-4b33-9bc8-dce6d9522485
802,2020-02-04,10,2021-02-13,2,OPLS4CZUR,28,006c4e8b-3c8e-4440-815d-fb2fa8cdf15a
803,2018-01-21,15,2018-03-31,13,1136Y55GI,5,6ae64aa2-00ba-4924-bb1b-5fd118259724
804,2018-04-16,8,2020-12-26,12,INOZVOINM,22,7e30468d-6fa4-406c-9202-d733df740e9f
805,2019-08-01,2,2022-02-24,10,FJXHMLBKY,14,3893c346-df94-4544-9b8d-3b02e95f83e8
806,2020-05-25,13,2019-12-03,3,PNBK5141N,23,4ad4694f-bad5-41d5-b4fd-27a84478b3ff
807,2020-09-15,10,2022-07-21,4,YML43OTTA,20,fb92ceac-1b68-4f06-8f5c-e7caa9ac7cca
808,2016-09-27,4,2017-07-06,12,X8A2V7MBI,29,80b909ef-ec65-4b71-ac35-c49ed9d74d9a
809,2020-06-18,1,2017-05-03,8,FG0OTD3GL,22,226950a4-5c28-4a09-b389-37e43af89c29
810,2019-10-09,8,2021-10-03,1,XBQ8R0B5P,8,621f1b22-c805-4139-93ec-711aa45168a8
811,2019-12-21,11,2021-12-16,12,OW0ATM9O5,7,469ac7e4-73db-4f66-8b1f-3f5ba5b7ac3e
812,2022-07-15,1,2022-02-22,15,OD9L8AIPA,25,ce31cf14-eedf-48dd-ac30-db3691e714a1
813,2020-12-21,2,2018-09-06,13,N7W209XLE,3,f855cc20-7d28-4bff-b185-5e98549e03a2
814,2021-06-26,12,2021-08-22,15,9WKLHRB8J,16,53dbd3f0-3896-4ec1-a5c2-fea8a72fab09
815,2020-03-04,13,2021-08-10,2,285JB7H1C,12,7edcd654-5aa5-40ef-bbcd-72b384208c6c
816,2018-03-23,7,2021-11-03,1,WXGTPHXZW,11,e6a447ff-825d-4870-b798-90013a29aed2
817,2017-09-28,15,2018-03-29,10,2T1MEOJM1,30,ee8cf998-ca3d-4eae-b5ed-94a86cbf2923
818,2020-11-04,4,2016-08-27,15,RV80B5QJ4,13,794508e4-3809-41e9-8ed0-d6215f1ff942
819,2020-07-06,2,2018-06-23,1,HAM922F82,23,2f05a84f-283c-4c08-9e03-4d943954d992
820,2017-09-14,5,2021-08-06,12,FROYOZ3IW,24,7a03822a-51e4-430e-8ee4-64a5c5b0e5ba
821,2020-11-17,4,2018-01-10,12,6O5NC0WTY,6,1d27a959-9db7-4194-a200-86f623699396
822,2018-03-06,5,2017-06-16,14,VCV6NE7BO,2,dc495938-980a-4457-bfa7-cb469aaf1352
823,2018-07-09,13,2021-10-30,15,39F4ET3TH,29,df0439d1-8f5b-45b9-9ce7-04962b470fde
824,2020-09-06,3,2019-05-12,11,U5QQGWVGN,4,c74ea599-3982-4edd-927a-4f333238c18e
825,2018-12-02,12,2021-05-19,15,6H9NUKRV6,8,f83307ec-c5ef-4676-8afc-3f44a97829b7
826,2021-09-24,10,2019-01-08,8,CMU532BFB,8,6a8d01f9-c05b-4753-8846-8f996beb6184
827,2022-01-05,8,2020-05-06,5,MWI4PCW6B,9,60399c66-a272-441d-8bca-a240afac4cc4
828,2022-05-15,2,2018-01-14,8,XMOGJK6BA,12,5264bfb0-8f68-41ff-b237-4ab3df0515b9
829,2019-03-04,6,2016-09-22,2,EG2ZKBA6R,7,b2eaebdd-975c-4887-9ba5-9c3c2f48fd03
830,2019-10-24,13,2018-07-24,10,32SUNAI28,23,1b4bd546-b82c-4f35-8d08-c9e4d25ada6c
831,2022-03-12,15,2017-08-23,4,T38XCGBZP,23,b99fa090-fdc9-4bbd-a1d0-19fa714200e6
832,2020-04-15,2,2021-11-03,10,XHDNY0WCV,22,56d4df51-74ae-4737-8280-0f62390f905c
833,2017-03-19,9,2018-02-28,13,26C2HXYA8,1,25b5f8e3-e16e-4c4d-80c9-07ba2095a485
834,2017-05-11,2,2020-04-18,4,57EVX32L9,13,cd16b24e-84db-4102-b7af-97eae0d9dd92
835,2018-09-18,15,2019-10-21,4,Y29Z5RRNZ,9,0e7d874a-cce7-4307-84cb-efaf3e38bf59
836,2018-06-20,10,2018-12-22,1,2TJPM0MSP,16,524e13cd-0077-4f6e-9efd-7dfaf9734458
837,2019-06-04,1,2017-06-19,6,49KV9YI8K,2,f10dd329-9368-46ad-be7b-0672a18c096b
838,2017-05-19,4,2020-03-21,13,8UGNFMGYU,10,6a7333f4-810b-4b33-ac76-96523968dd32
839,2020-10-12,1,2017-01-30,15,WUXPZNNWR,3,42f98681-509b-4e1c-9da3-b8e7b6fcddfc
840,2017-08-15,9,2018-12-27,1,JIR8HH8OQ,3,5d9b0a1c-1109-4a63-af6d-6a4ebf2f24c7
841,2021-10-25,8,2021-05-02,2,CROQXZJ0J,23,2263895c-f7c2-49b5-bdeb-936a35d5b3cc
842,2022-04-02,4,2022-02-28,3,0AIK8EU4R,4,108686da-dd48-4fad-93d7-2ee29df47a84
843,2022-07-08,3,2017-06-15,12,HC3QE2ZKT,3,ffe2a1a4-ce09-46ee-ab27-dee461c5eb8d
844,2018-01-05,4,2017-05-21,4,RH404IYP5,19,da9c1b42-67ae-4534-9193-017209a09371
845,2021-03-15,14,2016-11-27,13,F1OEY2NDE,15,947e7474-83d8-4977-965b-71f49377407c
846,2019-03-23,3,2017-09-26,4,PLGWU60SK,14,64a3085c-ebdb-4934-9379-ef145d247816
847,2017-11-20,12,2019-04-29,12,PCCUBVNNH,4,7c7d5500-e5ae-4b81-8afe-9825071fbb82
848,2022-03-15,13,2022-01-07,8,YPBECHN2D,5,2f219990-aa57-4003-bfbf-fa484cd94a8c
849,2022-02-19,3,2016-09-10,13,7C409XJ0Z,23,1e009d58-4fcf-407f-b059-596e3500197a
850,2020-11-15,8,2019-07-01,11,F1F4NI0IL,4,e722a185-17c0-442f-8599-d23490314544
851,2022-07-11,13,2020-01-18,5,UY8YM7C0Y,28,9c765af5-9e04-4a02-8d48-735b66ad56c7
852,2021-04-06,4,2021-03-24,6,KJSDF0YDI,15,75501220-091a-4d12-a453-c00e2549a561
853,2016-12-04,5,2018-09-19,14,HB29OPL8W,30,f0845869-f30e-4be6-9a0b-bd5821d67318
854,2021-02-21,10,2020-12-06,9,01IG16JTT,25,35cb22a2-77b0-4843-a2e1-8351f84d5825
855,2018-04-30,8,2021-04-21,5,P6C5LWQT4,1,8f402ad1-7134-4fe0-a57a-86a884c5893f
856,2018-03-09,4,2020-06-28,7,48HJKTHAH,2,417b3ba2-9995-48cb-8087-cad58ec183cc
857,2022-04-01,14,2016-09-05,14,Y9NZBPBO1,1,77ceb4f0-7695-4893-a1f5-acc7246e7c66
858,2019-09-10,8,2020-07-26,9,ZDJBOT3YK,11,ea8c7376-3237-4179-99ec-d51bc6222716
859,2017-04-21,3,2020-04-19,15,DFVIF58VB,15,99faed77-7eeb-4227-83a7-515c28509e2e
860,2021-06-09,2,2017-05-06,7,LL3KY2TZO,7,af9e42a2-af7f-4429-9a25-64dad10219cb
861,2017-10-09,11,2018-06-04,3,QBTSGCNMJ,9,4cd73ab9-31f2-470e-b750-6b74f394f989
862,2019-04-24,5,2021-11-24,1,PS4CHSN75,2,69e45808-cc55-4458-8edf-55e4e67e0c73
863,2022-06-26,8,2017-08-12,15,824039T45,13,aedd448d-4f66-40e1-8229-de4591ae3a93
864,2019-04-30,12,2017-08-03,5,OZDEV994U,17,58fe2c64-f505-4576-8a04-af6a29b1576a
865,2021-06-08,12,2021-06-17,3,YBULA54N6,28,aec48738-150d-4e50-9af0-7bb49c80cfb8
866,2017-09-22,11,2018-10-08,3,UCOQLSKEC,11,fb21d0da-d5c3-4fa0-9478-e0fb20c048b3
867,2017-04-07,15,2019-08-16,14,TQV8TEEA8,9,15c16d97-bd83-444a-aef4-963186b8cad7
868,2020-06-01,15,2016-10-24,14,1IXDYX4VO,13,0f571fab-96b8-4cc2-a7e0-fe7f96dd2e83
869,2020-06-10,15,2021-08-29,15,U2N4IPDPG,29,813d358c-4165-4260-ab1a-000e95b0729a
870,2020-06-14,8,2022-07-23,13,QTVWE1THK,11,4702c3e3-fe45-45a5-93c1-79dd163fba1d
871,2020-11-19,8,2022-07-29,3,Y1COKQZPR,7,03382823-1e75-4606-b053-a12a42d0af33
872,2018-04-10,13,2017-10-06,10,WQRF5IOIU,27,55477060-1f96-477b-8bca-074ebcc08089
873,2022-05-19,3,2016-08-12,11,M0HNP5WSB,20,fb191315-9f19-4e6d-999a-229dad042621
874,2019-02-18,9,2017-07-26,2,A0POA921T,14,fe9c403e-f1b3-471e-9636-d8c18c4b13a2
875,2016-12-31,12,2022-01-25,7,3EDXKDQQS,21,fe7a90fc-54bc-409e-a8f4-28c88a5f8105
876,2019-02-05,11,2018-04-29,9,KZIWX11E4,3,e62cfc6b-08e2-4fd9-a41b-d3d70cb2bdd5
877,2019-12-11,1,2019-05-07,2,C968B3ZUH,3,c9c17b39-332b-4441-8b52-97859849c656
878,2019-09-15,3,2022-02-26,13,4LA57C3M3,14,faea0578-9045-422b-a7b6-f414b89c7ab7
879,2017-11-09,11,2018-12-11,11,WBMUJTLT1,30,0ffe995a-4693-42d0-8ded-096c36f514c5
880,2021-11-22,1,2017-02-14,12,ZET8VAT2B,13,77aeb2f8-969c-49ee-a3c7-fafa563c1e33
881,2016-08-19,7,2018-07-06,9,L7DV48QAJ,19,5065ad15-9280-49b7-8fe3-bf65af661337
882,2019-09-14,10,2021-02-03,1,865ATSI80,26,d78ced15-12b5-47a8-89b0-41afa855f283
883,2019-12-07,4,2021-04-12,8,04MKZJ766,6,37b86f73-0f8b-4587-ae07-ac592d5dc9b7
884,2022-05-24,10,2018-12-23,12,QB5UAAYK6,18,56acbea6-a4d7-442d-80c1-32d73cfc1ecf
885,2017-09-02,10,2017-12-21,4,QYVYE69JW,14,d7ef9ffd-44fc-4274-98ac-67658cd84082
886,2017-12-18,14,2019-03-22,9,B3RGZXRXK,15,ca3b43c2-ccdd-4f4b-a38e-ce267a669c89
887,2020-08-20,15,2021-06-16,11,GHM2V7UIQ,12,618a4404-672e-4e99-81da-97a114f8fd7b
888,2017-06-28,12,2020-07-20,7,Q2LU6MM7V,11,0a004ff0-9a53-45d5-9b13-107ea3190060
889,2020-04-06,2,2018-11-26,4,AY1QZ6W9Z,15,c46ba40f-a654-4ed5-8ad6-e6df6499f05e
890,2022-02-02,5,2022-02-01,13,NCM2HZ3RX,28,2bc505b7-336b-48d1-a789-dc0f53931739
891,2019-06-27,7,2021-04-02,6,SG8T31ZWF,23,335e3a31-3852-4453-9cd9-e18feb5d7a7e
892,2016-12-16,14,2022-07-10,5,4CCAMPAXZ,12,7ee68710-2eff-4fb4-b65f-8c93170f2e8a
893,2019-09-28,5,2018-02-22,13,KXDRKSHXR,20,f66a28b8-0512-47c5-afda-272090f3f127
894,2016-12-24,13,2020-06-10,12,PIB02FVV6,20,0a8efaac-be87-4f11-815a-19a1dc0c4ab5
895,2017-05-05,5,2022-06-26,11,QC6Q3RPLG,12,d6c3f902-b7f7-45c3-9d48-2a56828e66e7
896,2021-09-25,15,2020-05-15,1,Q43NPBTG3,19,0c936806-4af8-4196-b09a-d9318d39084c
897,2020-09-05,15,2021-08-27,12,YY3226GXH,4,e3013c05-837f-405b-a5e8-ce6f9dc553e0
898,2019-06-22,4,2017-05-10,12,EEZ41XVLD,22,008131c7-ab92-495d-a9e1-e66ec60c318d
899,2021-10-27,13,2022-01-06,7,QTRCL4U9E,7,af1f57db-4c46-462d-b7b6-1b6adf2a1794
900,2021-10-06,7,2017-04-27,9,J4FFEL9PR,19,9f57fbd2-fb33-4ef7-9a5f-266078d3aaee
901,2019-03-30,13,2020-03-25,12,5YTCAU0BT,4,993c87f2-e3db-4a7b-94e9-e18c3e3cd09a
902,2022-04-08,5,2016-10-01,14,RLONRJGDF,11,60b06095-c227-4dba-9d64-59b58eab25ff
903,2021-01-30,10,2020-12-06,10,BO2L2DXSA,12,b5d6082e-17db-42bc-8efa-cbc878b794ec
904,2016-12-11,8,2021-09-11,2,TU9JIY6JK,15,268cbf38-a62e-4677-866e-174d15e9b5ea
905,2018-12-20,6,2018-04-27,6,OAYRFCQHN,13,4af919eb-2728-4fd0-9cac-8247731f3ad5
906,2021-03-12,2,2022-04-22,5,147PSRFGS,11,b46c2084-5cd4-4e13-b24f-28c74af77e72
907,2020-09-01,3,2019-11-05,11,FARTZRJA7,25,0fb67cbb-092f-4a3e-a3fc-9a8054012342
908,2019-11-26,6,2019-01-25,4,4FZ7TB6QC,22,9c0e6d77-008f-4006-b202-65012b5ca89f
909,2018-07-22,8,2021-11-07,5,KFQZB4A64,23,8e5d0cf6-68cc-4ec9-8a0e-334491b94ade
910,2018-07-21,7,2021-12-21,14,KWBEJR507,23,9fe3ad2e-78c6-44a1-8b00-70f1218799df
911,2017-02-27,15,2022-06-10,8,PPLDAKB6Q,16,92d7dcee-3569-401f-b1e3-6fd7689e3a31
912,2020-08-18,14,2022-04-26,14,3WZPX0TYB,24,056e66c7-6317-4a60-b662-ce4fc05c21e0
913,2021-10-25,13,2018-09-03,2,5RCIXHO0X,11,51352f97-0628-41df-8a12-8b3b935cbd05
914,2021-07-20,3,2018-12-30,14,4DWZW5AJH,25,3c9b479a-c84c-443a-8f10-9fd9b171fba7
915,2019-09-10,14,2020-10-29,12,O7W5GQ004,3,fb2fcb8d-e3bc-4b9a-9a04-3a098ce64c82
916,2017-08-24,13,2018-03-09,10,HQ1BLPW9Z,1,5e5bbc71-7ee8-4d97-89d0-c503832338f1
917,2018-03-10,4,2022-04-08,15,0LZLIQMT5,4,a67c660e-b158-4ad4-b243-da6a2b3bdc89
918,2021-09-10,8,2018-12-29,3,PLYCR8ZXI,1,ccff50da-7f9b-44f6-9559-2e67b99d25a6
919,2020-01-08,8,2021-04-24,3,34AKHI24B,10,5e806338-05c6-4389-9bd8-7d5311157565
920,2019-10-08,10,2017-01-25,3,YGHKT4TBJ,27,643e45b4-68c6-4586-884e-d271b6795711
921,2020-05-04,13,2021-01-24,6,D2WCP7C46,30,30eea887-8e28-494e-8808-2b7eec3a9041
922,2017-05-09,3,2018-05-06,12,CRC4WQUY5,26,4432c428-327f-4295-bad8-7f4367d4be81
923,2018-07-07,7,2018-11-22,2,WKO0GEQRR,7,1c1d426d-0353-4325-834a-1835303bb809
924,2021-09-24,13,2019-03-13,1,PT96C0SQY,10,74b81683-6725-43ea-9d2b-026a312cacba
925,2022-07-21,1,2021-07-13,6,88AJTZXER,4,0a4ce138-fb03-49ea-94d9-c779b7d4c210
926,2020-10-16,15,2017-03-06,2,GSUYO2G08,6,b8b617a8-8887-49c0-ae91-19c56b2f9e0a
927,2019-11-14,3,2018-10-19,7,QE9EY7TMI,24,b4d0f4e1-ff99-44e3-b3e8-da372c653dfc
928,2016-08-05,10,2019-03-13,5,SD0FSK1MA,10,43b2ab68-0402-4a5b-9b77-86194b2ee243
929,2019-06-14,6,2019-01-27,10,WT2B8IPKQ,30,4dcd0e84-fc80-4b2f-8449-0512970b98a0
930,2019-12-30,4,2019-12-23,3,I3664G4QE,14,1230262e-e5c4-443a-b464-301b61b6b709
931,2021-03-16,12,2022-04-28,10,JTNBE71H3,20,4ad264c1-8384-4eb9-ba74-1670f6af0c64
932,2020-06-30,8,2017-12-15,14,BUZ49P1YD,16,de5ca254-b54f-4e50-aa26-5eebaa59ad60
933,2020-10-30,7,2018-10-16,14,83D8PXRSE,25,87a9e1b6-ef2b-45e3-beee-daaf0f92bcfb
934,2020-01-15,14,2020-12-15,11,TAC9E37JR,12,23c2ed6b-31d4-489c-b872-47a07874e190
935,2019-10-12,6,2020-09-10,15,HIVY3VBDI,25,7aa5da86-24df-4e5e-9fce-d322943427c8
936,2021-10-12,13,2021-02-04,1,0NXXANSL8,5,29bd0e33-3c2e-4a5a-9fcb-7c6d8d0954a3
937,2019-02-15,11,2017-12-31,13,NZT7TOIUC,10,045bd9ad-9ef3-43e0-a876-e847cf0a54a0
938,2017-01-14,6,2021-07-14,1,EJIOQ7RTZ,30,b9a969ea-2ed1-43be-b173-cac5d26c0a2f
939,2021-05-03,7,2019-02-17,11,EJTUK8TMJ,8,19c037a7-8ea7-4cc9-bedf-e377bdd9aadd
940,2021-09-12,4,2018-07-08,14,Y5Q9ZY1KZ,14,a4a2e446-ddb5-46ec-b63a-78772bb81803
941,2020-05-18,2,2021-05-28,8,00B5ULYXI,21,bb8df0d4-d445-4ee5-a653-bbd451b5ca04
942,2019-11-05,11,2022-06-25,15,998IH6GD1,20,3d12c45c-17d2-40f8-ba8c-64f54563b250
943,2021-01-18,10,2021-02-18,10,MKD5ZKPZY,8,e0cf40af-8554-405c-b4c2-931009b84500
944,2016-09-09,10,2019-04-22,7,AUKVILTO6,26,8eb27be0-44c7-452e-9d62-a0a250352208
945,2018-02-08,12,2019-03-22,9,KK2SH9UWN,22,8eb1601c-8d17-4f25-acf0-cee87b7453bb
946,2019-06-18,8,2021-10-04,14,IPXC21RWV,8,f286bed9-e0be-4dab-9f96-ef5ea88c43bc
947,2021-09-03,15,2019-04-01,4,7ZQ42KHD2,4,e134ab7e-3102-4645-b999-072264be7dd5
948,2018-02-05,15,2017-06-07,12,PUNWP0EGZ,21,55ec88e3-b421-4a7a-9d11-79b16e26e954
949,2017-05-20,4,2020-09-03,3,94M38EXUZ,10,4545439e-011e-414d-bfd5-dd93befa5138
950,2017-07-13,8,2022-06-29,12,QPUPO8VBY,30,bbb977be-09e6-47b5-8bfe-15f3646c44b7
951,2018-05-14,12,2018-06-11,4,10LF9C45K,25,6a026e04-530b-4047-9b4e-6189c636f31b
952,2020-08-06,8,2017-04-16,14,ZBSE0N30C,8,8c19be35-986e-449e-adb1-33748e5f656b
953,2017-03-02,6,2019-08-13,1,V8QDTUR3Q,8,cefb7334-078c-4ef3-8b43-e656425d70f1
954,2020-03-07,13,2017-05-23,13,APQYSSCV2,10,4274cc13-e343-4386-941a-f45f6e962d31
955,2019-12-13,2,2019-07-19,15,O6H2KWPZA,3,d7f0039f-d14c-477a-a80e-bb3a03e27cfa
956,2019-10-25,12,2018-12-27,5,GPORYTJ3Q,4,cbabe491-e696-401f-b179-db60f46b770d
957,2019-10-22,11,2022-02-24,5,CWF5NAC6A,17,02fc9d89-612c-47c7-a464-2ced89aab5aa
958,2018-08-20,8,2017-01-09,12,FX0NXI4KO,24,bdd45d04-938f-4564-a211-b5f2e5640121
959,2019-04-11,5,2016-11-17,12,JOMA3I4O6,13,25c79815-01ac-4c79-a655-1d9191dc804d
960,2021-03-17,1,2019-07-21,5,3NCORL6CW,6,136506fb-49da-48c5-a974-42fd7d76da22
961,2019-04-19,15,2018-12-08,1,900WJ20AH,29,b20bdca1-adb2-4e9d-9fbf-a0bf8e4af06d
962,2017-10-14,12,2019-03-01,1,ZXJTTYLLG,12,77135b3c-95a0-4314-8579-5a4cde8076de
963,2018-05-08,2,2017-06-14,11,UHITUGTT4,26,efcfcfa0-e5ce-4452-a7b2-1b2200877648
964,2019-11-20,7,2020-10-12,12,0OX11KYWO,20,58f28037-5462-447f-b2d8-052c5fe5debc
965,2018-01-13,2,2021-07-15,10,7TYWE1QUL,20,06eb17b0-a428-4a7d-a044-e699f04df28e
966,2020-11-04,11,2021-04-29,2,OWCKKXZ9T,19,8f25a125-a53f-4f2f-991f-9ab41860d412
967,2021-12-13,8,2020-05-28,8,6YAHUEMTF,21,0baae86b-eea8-4dfa-bdad-84ae5a008a90
968,2018-09-29,14,2018-11-12,11,3I9RUKUQZ,25,dab7e3d2-e68c-4715-b1f6-648f4a4cec39
969,2022-06-19,5,2022-01-06,6,8DA0IOLFY,27,5379d6c5-5271-4cc2-b6dc-d09b7dd73559
970,2021-11-13,13,2018-03-15,8,0B7FQLV0H,21,2850c041-1167-42cd-9bc9-02f614d432e9
971,2022-03-13,7,2017-12-21,11,87Y9DDGVY,1,501d39a3-d828-463b-afc6-b8ecbf50fd6a
972,2021-02-13,5,2021-11-08,4,YEHSL2Q3X,14,f050af90-c30c-4042-83ed-b475d1429a82
973,2022-02-04,1,2017-06-09,6,AS51A83CF,3,d8672a35-f1e9-4eb3-b451-4aa209a9d76c
974,2022-07-29,10,2020-10-26,9,3KSKATZKH,3,a4909eec-4c45-45b9-bd0e-b6eb99ed211e
975,2021-12-29,10,2021-03-24,3,X3FXJBSOO,4,960bf51d-1044-4d5b-86f7-48e625e317eb
976,2018-10-01,3,2021-05-31,6,GJ8KGOKQ8,2,cddea943-70c4-4242-98a8-ff5dbb28a3d4
977,2021-12-02,14,2022-02-03,8,H5VTCG502,5,38eb01c5-9ee8-4211-894a-c8177717a349
978,2019-10-27,1,2022-07-16,15,MJV1EPF2X,14,b4f60ed4-4523-4541-8ce6-c54e30d78545
979,2021-04-25,6,2022-05-20,2,SUMV3P5GY,14,146d832d-eb20-406a-8aa8-fd841ba1fe57
980,2019-10-13,14,2021-01-16,5,YTPGEYLOK,7,03b4d6f4-65e9-404b-9fe3-159d56e5b214
981,2019-10-14,8,2020-07-11,5,FRPF1T30F,8,0512794a-554d-4f34-bd37-495835f0f2fb
982,2020-01-05,14,2019-07-08,11,MMUNX7VFM,3,86e688a6-e139-4fee-a6b3-9eb7094a38fd
983,2021-09-10,9,2021-06-05,12,ZD0HYW4CG,2,95a80543-e39c-401f-af87-1b2a36735198
984,2020-11-24,14,2019-10-03,9,Q6U3RIRME,30,6223aae7-f66d-4a40-98b3-ebf04a389bd5
985,2019-05-03,11,2018-06-16,9,WRY4RWJC6,5,4ebb9e80-998d-4b47-ad0d-89a244b9c3fb
986,2016-09-12,10,2016-08-17,11,55VN40YNZ,22,685624bb-dfd8-4249-96c0-e3eaf6107dc9
987,2017-04-02,3,2020-04-13,3,UBY03ZWNW,4,584aabcf-7332-4305-9afa-3ea93f8162e5
988,2020-03-27,13,2017-11-26,1,FOMSUYRWK,20,0319a40d-23de-4f2f-b53d-dbf96a8a6597
989,2016-11-25,7,2021-04-23,2,23HY9XR9I,22,a9d2b850-1fd9-43b8-9de7-74b7632c9542
990,2019-06-05,7,2018-01-08,3,L12VBK4SV,24,4dfd0b7a-52fc-44b0-a6ff-b800056f9625
991,2018-07-18,9,2016-11-24,12,E6063YMDV,5,27b7c48c-668b-40b9-89aa-8e41eb93df96
992,2019-11-23,5,2017-09-07,1,ARGTF12FS,20,98dc746f-3544-4551-b29f-697a73c200c4
993,2017-03-28,14,2022-04-25,15,TXIMH7XH3,16,ad3fb366-6191-4ad0-856b-e67f1e7cd7f6
994,2017-06-19,6,2016-12-19,14,4R1NZ9844,3,6e285a8b-b1b3-4ca3-bd4c-8d517fe2db20
995,2022-03-05,15,2016-12-14,9,S6SSZN80V,4,e42b0352-61e0-448a-9676-dde9813be486
996,2017-06-25,14,2019-10-09,2,I3QOQKVHT,26,ceec95be-8c3d-4f4b-8848-4332016abc2e
997,2020-02-11,4,2021-08-13,5,L9Z0UOK1I,3,447fa9b2-6762-47fe-85c2-45b2fb8949b7
998,2021-07-16,8,2019-02-28,7,S6SEVHY02,28,00ba31ca-2d58-435f-8ef2-363cb268f443
999,2018-08-29,5,2019-10-02,2,BQS0JUV96,2,4a562e86-3f02-49d5-adcd-504687537d9b
1000,2021-07-30,7,2021-05-12,3,DMCJLZGRS,16,a19e98af-375b-4832-83da-b413a9fdf236
